#abscisse               ordonnée
   0.0000000000000000        0.0000000000000000     
   2.4520000000000000E-004  -2.3483703073537884E-005
   4.9039999999999999E-004  -4.6967407390204341E-005
   7.3559999999999999E-004  -7.0451101023932933E-005
   9.8079999999999999E-004  -9.3934778331777053E-005
   1.2260000000000001E-003  -1.1741843496583897E-004
   1.4712000000000000E-003  -1.4090205362535951E-004
   1.7163999999999999E-003  -1.6438564201265356E-004
   1.9616000000000000E-003  -1.8786916901785813E-004
   2.2068000000000001E-003  -2.1135265718722298E-004
   2.4520000000000002E-003  -2.3483607261258165E-004
   2.6971999999999999E-003  -2.5831940306949409E-004
   2.9424000000000000E-003  -2.8180267213999557E-004
   3.1876000000000001E-003  -3.0528583662887000E-004
   3.4327999999999997E-003  -3.2876891441234007E-004
   3.6779999999999998E-003  -3.5225186798786077E-004
   3.9232000000000000E-003  -3.7573474835509547E-004
   4.1684000000000001E-003  -3.9921748366556230E-004
   4.4136000000000002E-003  -4.2270008409257468E-004
   4.6588000000000003E-003  -4.4618256699447843E-004
   4.9040000000000004E-003  -4.6966489373345704E-004
   5.1491999999999996E-003  -4.9314707268000295E-004
   5.3943999999999997E-003  -5.1662907933463023E-004
   5.6395999999999998E-003  -5.4011092704788909E-004
   5.8847999999999999E-003  -5.6359257030599809E-004
   6.1300000000000000E-003  -5.8707411353693727E-004
   6.3752000000000001E-003  -6.1055536142833196E-004
   6.6204000000000002E-003  -6.3403646157043577E-004
   6.8655999999999995E-003  -6.5751738102520958E-004
   7.1107999999999996E-003  -6.8099800816558446E-004
   7.3559999999999997E-003  -7.0447844447727402E-004
   7.6011999999999998E-003  -7.2795865351116186E-004
   7.8463999999999999E-003  -7.5143861247738760E-004
   8.0915999999999991E-003  -7.7491837476433944E-004
   8.3368000000000001E-003  -7.9839781202117584E-004
   8.5819999999999994E-003  -8.2187701220072182E-004
   8.8272000000000003E-003  -8.4535596612603443E-004
   9.0723999999999996E-003  -8.6883459260612202E-004
   9.3176000000000005E-003  -8.9231290857051053E-004
   9.5627999999999998E-003  -9.1579096965367548E-004
   9.8080000000000007E-003  -9.3926873356797573E-004
   1.0053200000000000E-002  -9.6274616007837536E-004
   1.0298399999999999E-002  -9.8622326074777693E-004
   1.0543600000000000E-002  -1.0097000650998028E-003
   1.0788799999999999E-002  -1.0331765087682983E-003
   1.1034000000000000E-002  -1.0566526028200161E-003
   1.1279200000000000E-002  -1.0801283152530551E-003
   1.1524400000000001E-002  -1.1036036754153359E-003
   1.1769600000000000E-002  -1.1270787963686582E-003
   1.2014799999999999E-002  -1.1505533825389160E-003
   1.2260000000000000E-002  -1.1740276545771434E-003
   1.2505199999999999E-002  -1.1975014855314368E-003
   1.2750400000000000E-002  -1.2209748945690960E-003
   1.2995600000000000E-002  -1.2444479733046030E-003
   1.3240800000000000E-002  -1.2679206973895180E-003
   1.3486000000000000E-002  -1.2913927914348466E-003
   1.3731199999999999E-002  -1.3148645733703161E-003
   1.3976400000000000E-002  -1.3383359588575304E-003
   1.4221599999999999E-002  -1.3618068431433875E-003
   1.4466800000000000E-002  -1.3852772238790718E-003
   1.4711999999999999E-002  -1.4087471824339145E-003
   1.4957200000000000E-002  -1.4322166051749237E-003
   1.5202400000000000E-002  -1.4556856637132104E-003
   1.5447600000000001E-002  -1.4791541363114837E-003
   1.5692800000000000E-002  -1.5026221653920170E-003
   1.5938000000000001E-002  -1.5260896113935684E-003
   1.6183199999999998E-002  -1.5495566381943883E-003
   1.6428399999999999E-002  -1.5730230943217234E-003
   1.6673600000000000E-002  -1.5964891048965827E-003
   1.6918800000000001E-002  -1.6199544262415814E-003
   1.7163999999999999E-002  -1.6434193107932669E-003
   1.7409200000000000E-002  -1.6668835720176959E-003
   1.7654400000000001E-002  -1.6903473445573913E-003
   1.7899599999999998E-002  -1.7138104961479334E-003
   1.8144799999999999E-002  -1.7372730738414008E-003
   1.8390000000000000E-002  -1.7607351233085082E-003
   1.8635200000000001E-002  -1.7841964481952871E-003
   1.8880399999999999E-002  -1.8076572192501335E-003
   1.9125600000000000E-002  -1.8311175419517996E-003
   1.9370800000000001E-002  -1.8545769713862283E-003
   1.9616000000000001E-002  -1.8780359389475232E-003
   1.9861199999999999E-002  -1.9014942975071822E-003
   2.0106400000000000E-002  -1.9249519008946278E-003
   2.0351600000000001E-002  -1.9484089913810005E-003
   2.0596799999999998E-002  -1.9718652822112745E-003
   2.0841999999999999E-002  -1.9953210236315980E-003
   2.1087200000000000E-002  -2.0187760569753380E-003
   2.1332400000000001E-002  -2.0422302607988043E-003
   2.1577599999999999E-002  -2.0656840081359016E-003
   2.1822800000000000E-002  -2.0891369276289269E-003
   2.2068000000000001E-002  -2.1125891270510214E-003
   2.2313199999999998E-002  -2.1360406460571349E-003
   2.2558399999999999E-002  -2.1594914317133161E-003
   2.2803600000000000E-002  -2.1829414608761258E-003
   2.3048800000000001E-002  -2.2063908045909441E-003
   2.3293999999999999E-002  -2.2298393677674605E-003
   2.3539200000000000E-002  -2.2532872440854663E-003
   2.3784400000000001E-002  -2.2767343280919207E-003
   2.4029599999999998E-002  -2.3001805838825822E-003
   2.4274799999999999E-002  -2.3236260632553780E-003
   2.4520000000000000E-002  -2.3470708302257516E-003
   2.4765200000000001E-002  -2.3705147428618144E-003
   2.5010399999999999E-002  -2.3939578272511577E-003
   2.5255600000000000E-002  -2.4174001730210039E-003
   2.5500800000000001E-002  -2.4408415202427369E-003
   2.5745999999999998E-002  -2.4642823520125475E-003
   2.5991199999999999E-002  -2.4877221310613106E-003
   2.6236400000000000E-002  -2.5111611785458188E-003
   2.6481600000000001E-002  -2.5345992397491487E-003
   2.6726799999999998E-002  -2.5580364757232968E-003
   2.6971999999999999E-002  -2.5814728798698957E-003
   2.7217200000000000E-002  -2.6049083739561728E-003
   2.7462399999999998E-002  -2.6283431066433556E-003
   2.7707599999999999E-002  -2.6517768328535997E-003
   2.7952800000000000E-002  -2.6752097360663051E-003
   2.8198000000000001E-002  -2.6986416644679042E-003
   2.8443199999999998E-002  -2.7220725370813471E-003
   2.8688399999999999E-002  -2.7455025417579999E-003
   2.8933600000000000E-002  -2.7689319899580071E-003
   2.9178800000000001E-002  -2.7923600487410423E-003
   2.9423999999999999E-002  -2.8157874631129899E-003
   2.9669200000000000E-002  -2.8392137630715553E-003
   2.9914400000000001E-002  -2.8626389444800049E-003
   3.0159599999999998E-002  -2.8860633707638839E-003
   3.0404799999999999E-002  -2.9094868849686263E-003
   3.0650000000000000E-002  -2.9329092190946483E-003
   3.0895200000000001E-002  -2.9563306880756087E-003
   3.1140399999999999E-002  -2.9797511326942793E-003
   3.1385600000000000E-002  -3.0031704227573477E-003
   3.1630800000000001E-002  -3.0265889462725397E-003
   3.1876000000000002E-002  -3.0500062015494812E-003
   3.2121200000000003E-002  -3.0734225299241954E-003
   3.2366399999999997E-002  -3.0968378537507592E-003
   3.2611599999999998E-002  -3.1202519456778018E-003
   3.2856799999999999E-002  -3.1436651626436315E-003
   3.3101999999999999E-002  -3.1670772961979190E-003
   3.3347200000000000E-002  -3.1904883107357379E-003
   3.3592400000000001E-002  -3.2138981857896425E-003
   3.3837600000000002E-002  -3.2373070570973382E-003
   3.4082799999999996E-002  -3.2607148024866549E-003
   3.4327999999999997E-002  -3.2841213634579878E-003
   3.4573199999999998E-002  -3.3075269236583992E-003
   3.4818399999999999E-002  -3.3309313079855634E-003
   3.5063600000000000E-002  -3.3543345327223333E-003
   3.5308800000000001E-002  -3.3777367344641827E-003
   3.5554000000000002E-002  -3.4011376478744436E-003
   3.5799199999999996E-002  -3.4245372784177208E-003
   3.6044399999999997E-002  -3.4479359179489005E-003
   3.6289599999999998E-002  -3.4713335742005578E-003
   3.6534799999999999E-002  -3.4947297619723370E-003
   3.6780000000000000E-002  -3.5181248703688205E-003
   3.7025200000000001E-002  -3.5415187790224143E-003
   3.7270400000000002E-002  -3.5649114551455654E-003
   3.7515599999999996E-002  -3.5883029943521196E-003
   3.7760799999999997E-002  -3.6116932193438179E-003
   3.8005999999999998E-002  -3.6350824065541558E-003
   3.8251199999999999E-002  -3.6584699060418888E-003
   3.8496400000000000E-002  -3.6818565651406667E-003
   3.8741600000000001E-002  -3.7052418164931450E-003
   3.8986800000000002E-002  -3.7286257507487129E-003
   3.9232000000000003E-002  -3.7520087000846550E-003
   3.9477199999999997E-002  -3.7753900671468081E-003
   3.9722399999999998E-002  -3.7987703453063008E-003
   3.9967599999999999E-002  -3.8221490784056439E-003
   4.0212800000000000E-002  -3.8455268690482159E-003
   4.0458000000000001E-002  -3.8689031607347119E-003
   4.0703200000000002E-002  -3.8922779422897380E-003
   4.0948400000000003E-002  -3.9156517481456557E-003
   4.1193599999999997E-002  -3.9390239698597332E-003
   4.1438799999999998E-002  -3.9623949681794265E-003
   4.1683999999999999E-002  -3.9857646252195924E-003
   4.1929200000000000E-002  -4.0091328251993501E-003
   4.2174400000000001E-002  -4.0324995500892157E-003
   4.2419600000000002E-002  -4.0558653024389858E-003
   4.2664800000000003E-002  -4.0792292564676954E-003
   4.2909999999999997E-002  -4.1025921172378500E-003
   4.3155199999999998E-002  -4.1259534844208783E-003
   4.3400399999999999E-002  -4.1493135550882835E-003
   4.3645600000000000E-002  -4.1726719468436081E-003
   4.3890800000000001E-002  -4.1960290502248134E-003
   4.4136000000000002E-002  -4.2193845450834086E-003
   4.4381200000000003E-002  -4.2427390000600038E-003
   4.4626399999999997E-002  -4.2660916870362643E-003
   4.4871599999999998E-002  -4.2894430585691864E-003
   4.5116799999999999E-002  -4.3127929182081364E-003
   4.5362000000000000E-002  -4.3361416011485363E-003
   4.5607200000000001E-002  -4.3594884707089075E-003
   4.5852400000000001E-002  -4.3828335350375317E-003
   4.6097600000000002E-002  -4.4061776338367806E-003
   4.6342799999999996E-002  -4.4295199427334241E-003
   4.6587999999999997E-002  -4.4528609796122111E-003
   4.6833199999999998E-002  -4.4762002744377360E-003
   4.7078399999999999E-002  -4.4995383606898053E-003
   4.7323600000000000E-002  -4.5228746944590862E-003
   4.7568800000000001E-002  -4.5462092985221756E-003
   4.7814000000000002E-002  -4.5695425519294182E-003
   4.8059199999999996E-002  -4.5928743436314768E-003
   4.8304399999999997E-002  -4.6162044475952339E-003
   4.8549599999999998E-002  -4.6395330953645751E-003
   4.8794799999999999E-002  -4.6628599823786412E-003
   4.9040000000000000E-002  -4.6861853602608505E-003
   4.9285200000000001E-002  -4.7095091654718165E-003
   4.9530400000000002E-002  -4.7328315126124714E-003
   4.9775599999999996E-002  -4.7561518165177416E-003
   5.0020799999999997E-002  -4.7794707181451840E-003
   5.0265999999999998E-002  -4.8027882397080569E-003
   5.0511199999999999E-002  -4.8261036644729177E-003
   5.0756400000000000E-002  -4.8494176838685468E-003
   5.1001600000000001E-002  -4.8727301415666174E-003
   5.1246800000000002E-002  -4.8960409776851368E-003
   5.1491999999999996E-002  -4.9193496324329644E-003
   5.1737199999999997E-002  -4.9426572733358397E-003
   5.1982399999999998E-002  -4.9659627090046805E-003
   5.2227599999999999E-002  -4.9892666638770124E-003
   5.2472800000000000E-002  -5.0125689741718823E-003
   5.2718000000000001E-002  -5.0358696263568528E-003
   5.2963200000000002E-002  -5.0591685989910644E-003
   5.3208399999999996E-002  -5.0824654740518763E-003
   5.3453599999999997E-002  -5.1057608317113040E-003
   5.3698799999999998E-002  -5.1290544527544651E-003
   5.3943999999999999E-002  -5.1523462720344569E-003
   5.4189200000000000E-002  -5.1756363773440344E-003
   5.4434400000000001E-002  -5.1989246132653003E-003
   5.4679600000000002E-002  -5.2222110667207167E-003
   5.4924799999999996E-002  -5.2454961440212746E-003
   5.5169999999999997E-002  -5.2687789145550099E-003
   5.5415199999999998E-002  -5.2920602829006451E-003
   5.5660399999999999E-002  -5.3153396584665847E-003
   5.5905600000000000E-002  -5.3386171844544573E-003
   5.6150800000000001E-002  -5.3618926430767534E-003
   5.6396000000000002E-002  -5.3851668009286821E-003
   5.6641200000000003E-002  -5.4084387709020529E-003
   5.6886399999999997E-002  -5.4317089151517213E-003
   5.7131599999999998E-002  -5.4549773183475390E-003
   5.7376799999999999E-002  -5.4782439910376650E-003
   5.7622000000000000E-002  -5.5015085324891392E-003
   5.7867200000000001E-002  -5.5247714309538450E-003
   5.8112400000000002E-002  -5.5480320382779811E-003
   5.8357600000000003E-002  -5.5712910694357886E-003
   5.8602799999999997E-002  -5.5945478980711618E-003
   5.8847999999999998E-002  -5.6178032710543033E-003
   5.9093199999999999E-002  -5.6410564321512030E-003
   5.9338399999999999E-002  -5.6643077775135409E-003
   5.9583600000000000E-002  -5.6875570144274195E-003
   5.9828800000000001E-002  -5.7108045756299316E-003
   6.0074000000000002E-002  -5.7340499217280495E-003
   6.0319199999999996E-002  -5.7572934507779568E-003
   6.0564399999999997E-002  -5.7805348334390681E-003
   6.0809599999999998E-002  -5.8037746444576828E-003
   6.1054799999999999E-002  -5.8270118991352315E-003
   6.1300000000000000E-002  -5.8502477336979846E-003
   6.1545200000000001E-002  -5.8734809114298929E-003
   6.1790400000000002E-002  -5.8967129001491888E-003
   6.2035599999999996E-002  -5.9199422441467246E-003
   6.2280799999999997E-002  -5.9431698159105283E-003
   6.2525999999999998E-002  -5.9663951776848991E-003
   6.2771199999999999E-002  -5.9896187894550972E-003
   6.3016400000000000E-002  -6.0128401332277190E-003
   6.3261600000000001E-002  -6.0360592068086057E-003
   6.3506800000000002E-002  -6.0592766659537632E-003
   6.3752000000000003E-002  -6.0824917447024731E-003
   6.3997200000000004E-002  -6.1057050750857192E-003
   6.4242400000000005E-002  -6.1289158262007055E-003
   6.4487600000000006E-002  -6.1521247354185977E-003
   6.4732799999999993E-002  -6.1753319246930435E-003
   6.4977999999999994E-002  -6.1985364684441603E-003
   6.5223199999999995E-002  -6.2217387988230625E-003
   6.5468399999999996E-002  -6.2449394060656244E-003
   6.5713599999999997E-002  -6.2681378141633748E-003
   6.5958799999999998E-002  -6.2913338623512777E-003
   6.6203999999999999E-002  -6.3145280213571789E-003
   6.6449200000000000E-002  -6.3377198490800150E-003
   6.6694400000000001E-002  -6.3609095570758200E-003
   6.6939600000000002E-002  -6.3840969410826655E-003
   6.7184800000000003E-002  -6.4072823498755559E-003
   6.7430000000000004E-002  -6.4304655071905914E-003
   6.7675200000000005E-002  -6.4536464056803629E-003
   6.7920400000000006E-002  -6.4768251853018124E-003
   6.8165599999999993E-002  -6.5000015122257003E-003
   6.8410799999999994E-002  -6.5231758072942054E-003
   6.8655999999999995E-002  -6.5463477892644699E-003
   6.8901199999999996E-002  -6.5695175538460909E-003
   6.9146399999999997E-002  -6.5926851893475672E-003
   6.9391599999999998E-002  -6.6158504672339533E-003
   6.9636799999999999E-002  -6.6390133066673200E-003
   6.9882000000000000E-002  -6.6621743079860549E-003
   7.0127200000000001E-002  -6.6853327798184455E-003
   7.0372400000000002E-002  -6.7084886958685142E-003
   7.0617600000000003E-002  -6.7316426925350670E-003
   7.0862800000000004E-002  -6.7547943471004826E-003
   7.1108000000000005E-002  -6.7779434830694688E-003
   7.1353200000000006E-002  -6.8010904398335169E-003
   7.1598399999999993E-002  -6.8242349203247411E-003
   7.1843599999999994E-002  -6.8473773118915698E-003
   7.2088799999999995E-002  -6.8705170860256203E-003
   7.2333999999999996E-002  -6.8936547745158429E-003
   7.2579199999999996E-002  -6.9167900806182082E-003
   7.2824399999999997E-002  -6.9399229428796566E-003
   7.3069599999999998E-002  -6.9630534852766100E-003
   7.3314799999999999E-002  -6.9861815963424478E-003
   7.3560000000000000E-002  -7.0093069779700815E-003
   7.3805200000000001E-002  -7.0324304696562498E-003
   7.4050400000000002E-002  -7.0555512752533845E-003
   7.4295600000000003E-002  -7.0786695082380151E-003
   7.4540800000000004E-002  -7.1017856961212000E-003
   7.4786000000000005E-002  -7.1248991622394897E-003
   7.5031199999999992E-002  -7.1480103101738994E-003
   7.5276399999999993E-002  -7.1711187928054409E-003
   7.5521599999999994E-002  -7.1942253818483197E-003
   7.5766799999999995E-002  -7.2173287079587197E-003
   7.6011999999999996E-002  -7.2404302206567749E-003
   7.6257199999999997E-002  -7.2635290264318510E-003
   7.6502399999999998E-002  -7.2866252794766420E-003
   7.6747599999999999E-002  -7.3097189771139277E-003
   7.6992800000000000E-002  -7.3328101016380013E-003
   7.7238000000000001E-002  -7.3558992387981305E-003
   7.7483200000000002E-002  -7.3789855031915659E-003
   7.7728400000000003E-002  -7.4020692551378005E-003
   7.7973600000000004E-002  -7.4251503853123750E-003
   7.8218800000000005E-002  -7.4482289152715941E-003
   7.8464000000000006E-002  -7.4713048821421508E-003
   7.8709199999999993E-002  -7.4943786787564862E-003
   7.8954399999999994E-002  -7.5174495588469096E-003
   7.9199599999999995E-002  -7.5405177474026424E-003
   7.9444799999999996E-002  -7.5635836115356255E-003
   7.9689999999999997E-002  -7.5866468310013735E-003
   7.9935199999999998E-002  -7.6097071630286473E-003
   8.0180399999999999E-002  -7.6327652676510052E-003
   8.0425600000000000E-002  -7.6558206686177625E-003
   8.0670800000000001E-002  -7.6788735482085316E-003
   8.0916000000000002E-002  -7.7019233334935534E-003
   8.1161200000000003E-002  -7.7249707405745317E-003
   8.1406400000000004E-002  -7.7480156566041396E-003
   8.1651600000000005E-002  -7.7710580343641755E-003
   8.1896800000000006E-002  -7.7940972454793520E-003
   8.2141999999999993E-002  -7.8171341234250079E-003
   8.2387199999999994E-002  -7.8401680308336549E-003
   8.2632399999999995E-002  -7.8631995160884198E-003
   8.2877599999999996E-002  -7.8862280750575855E-003
   8.3122799999999997E-002  -7.9092537851249319E-003
   8.3367999999999998E-002  -7.9322774323414731E-003
   8.3613199999999999E-002  -7.9552979570332548E-003
   8.3858400000000000E-002  -7.9783161481972419E-003
   8.4103600000000001E-002  -8.0013310272389390E-003
   8.4348800000000002E-002  -8.0243434947222404E-003
   8.4594000000000003E-002  -8.0473529356883920E-003
   8.4839200000000003E-002  -8.0703597838779530E-003
   8.5084400000000004E-002  -8.0933640490937694E-003
   8.5329600000000005E-002  -8.1163650357451798E-003
   8.5574799999999993E-002  -8.1393636771152685E-003
   8.5819999999999994E-002  -8.1623591081235302E-003
   8.6065199999999994E-002  -8.1853520284741414E-003
   8.6310399999999995E-002  -8.2083421511882238E-003
   8.6555599999999996E-002  -8.2313292210835255E-003
   8.6800799999999997E-002  -8.2543137703383566E-003
   8.7045999999999998E-002  -8.2772952984576202E-003
   8.7291199999999999E-002  -8.3002738196718221E-003
   8.7536400000000000E-002  -8.3232497130681232E-003
   8.7781600000000001E-002  -8.3462228329247053E-003
   8.8026800000000002E-002  -8.3691931851416126E-003
   8.8272000000000003E-002  -8.3921601283411824E-003
   8.8517200000000004E-002  -8.4151247951813873E-003
   8.8762400000000005E-002  -8.4380860879289411E-003
   8.9007599999999992E-002  -8.4610443784058891E-003
   8.9252799999999993E-002  -8.4840004352761660E-003
   8.9497999999999994E-002  -8.5069530710270326E-003
   8.9743199999999995E-002  -8.5299028349162982E-003
   8.9988399999999996E-002  -8.5528496893190423E-003
   9.0233599999999997E-002  -8.5757936666579423E-003
   9.0478799999999998E-002  -8.5987348612219690E-003
   9.0723999999999999E-002  -8.6216727985576978E-003
   9.0969200000000000E-002  -8.6446077712098376E-003
   9.1214400000000001E-002  -8.6675401181918934E-003
   9.1459600000000002E-002  -8.6904693255259440E-003
   9.1704800000000003E-002  -8.7133952540700901E-003
   9.1950000000000004E-002  -8.7363185261295304E-003
   9.2195200000000005E-002  -8.7592385437459900E-003
   9.2440399999999992E-002  -8.7821556707694780E-003
   9.2685599999999993E-002  -8.8050699664143084E-003
   9.2930799999999994E-002  -8.8279809903611499E-003
   9.3175999999999995E-002  -8.8508890515127166E-003
   9.3421199999999996E-002  -8.8737936104140089E-003
   9.3666399999999997E-002  -8.8966959116943915E-003
   9.3911599999999998E-002  -8.9195946816435813E-003
   9.4156799999999999E-002  -8.9424903553318238E-003
   9.4402000000000000E-002  -8.9653833316298646E-003
   9.4647200000000001E-002  -8.9882726165626120E-003
   9.4892400000000002E-002  -9.0111594611013684E-003
   9.5137600000000003E-002  -9.0340430287804037E-003
   9.5382800000000004E-002  -9.0569231867458407E-003
   9.5628000000000005E-002  -9.0798006993670025E-003
   9.5873200000000006E-002  -9.1026744568201354E-003
   9.6118399999999993E-002  -9.1255450960697447E-003
   9.6363599999999994E-002  -9.1484134240990209E-003
   9.6608799999999995E-002  -9.1712778603405473E-003
   9.6853999999999996E-002  -9.1941393450376638E-003
   9.7099199999999997E-002  -9.2169976123395066E-003
   9.7344399999999998E-002  -9.2398525843309549E-003
   9.7589599999999999E-002  -9.2627048725270490E-003
   9.7834800000000000E-002  -9.2855534945685391E-003
   9.8080000000000001E-002  -9.3083993495502830E-003
   9.8325200000000001E-002  -9.3312418738574938E-003
   9.8570400000000002E-002  -9.3540808521668795E-003
   9.8815600000000003E-002  -9.3769169159223942E-003
   9.9060800000000004E-002  -9.3997496160784285E-003
   9.9306000000000005E-002  -9.4225786960499512E-003
   9.9551199999999992E-002  -9.4454055761090429E-003
   9.9796399999999993E-002  -9.4682279436201413E-003
  0.10004159999999999       -9.4910478829868302E-003
  0.10028680000000000       -9.5138641468267161E-003
  0.10053200000000000       -9.5366774039371202E-003
  0.10077720000000000       -9.5594870046992048E-003
  0.10102240000000000       -9.5822940692798283E-003
  0.10126760000000000       -9.6050974136090064E-003
  0.10151280000000000       -9.6278968369084873E-003
  0.10175800000000000       -9.6506936202372714E-003
  0.10200320000000000       -9.6734870534985733E-003
  0.10224840000000000       -9.6962767253730240E-003
  0.10249360000000000       -9.7190636569108469E-003
  0.10273880000000001       -9.7418470765415887E-003
  0.10298399999999999       -9.7646271086105733E-003
  0.10322919999999999       -9.7874033632525566E-003
  0.10347439999999999       -9.8101769125140056E-003
  0.10371960000000000       -9.8329466525790641E-003
  0.10396480000000000       -9.8557129489159744E-003
  0.10421000000000000       -9.8784759738685841E-003
  0.10445520000000000       -9.9012354787000861E-003
  0.10470040000000000       -9.9239918294910662E-003
  0.10494560000000000       -9.9467444629413610E-003
  0.10519080000000000       -9.9694935906983230E-003
  0.10543600000000000       -9.9922396698567967E-003
  0.10568120000000000       -1.0014981914451375E-002
  0.10592640000000000       -1.0037721260620459E-002
  0.10617160000000000       -1.0060456997527854E-002
  0.10641679999999999       -1.0083188392973627E-002
  0.10666199999999999       -1.0105917231169114E-002
  0.10690719999999999       -1.0128642017314404E-002
  0.10715239999999999       -1.0151364050074501E-002
  0.10739760000000000       -1.0174082249326890E-002
  0.10764280000000000       -1.0196796655811120E-002
  0.10788800000000000       -1.0219508056761360E-002
  0.10813320000000000       -1.0242215392521677E-002
  0.10837840000000000       -1.0264918977900262E-002
  0.10862360000000000       -1.0287619528888322E-002
  0.10886880000000000       -1.0310316774486154E-002
  0.10911400000000000       -1.0333010047447378E-002
  0.10935920000000000       -1.0355699665566116E-002
  0.10960440000000000       -1.0378385912175755E-002
  0.10984959999999999       -1.0401068478887894E-002
  0.11009479999999999       -1.0423747408165943E-002
  0.11033999999999999       -1.0446422608610844E-002
  0.11058519999999999       -1.0469094987861634E-002
  0.11083040000000000       -1.0491762849720499E-002
  0.11107560000000000       -1.0514427562531806E-002
  0.11132080000000000       -1.0537088438232436E-002
  0.11156600000000000       -1.0559745274405903E-002
  0.11181120000000000       -1.0582399145186638E-002
  0.11205640000000000       -1.0605049196011166E-002
  0.11230160000000000       -1.0627695650159133E-002
  0.11254680000000000       -1.0650338192801818E-002
  0.11279200000000000       -1.0672977167592990E-002
  0.11303720000000000       -1.0695612574277490E-002
  0.11328240000000001       -1.0718244042752704E-002
  0.11352759999999999       -1.0740871960752315E-002
  0.11377279999999999       -1.0763496118812679E-002
  0.11401799999999999       -1.0786116490506483E-002
  0.11426320000000000       -1.0808733368318104E-002
  0.11450840000000000       -1.0831346542626883E-002
  0.11475360000000000       -1.0853955527385530E-002
  0.11499880000000000       -1.0876561042906794E-002
  0.11524400000000000       -1.0899162898795452E-002
  0.11548920000000000       -1.0921760647621461E-002
  0.11573440000000000       -1.0944354668637865E-002
  0.11597960000000000       -1.0966945442799650E-002
  0.11622480000000000       -1.0989531882650746E-002
  0.11647000000000000       -1.1012114320838401E-002
  0.11671520000000001       -1.1034693818518196E-002
  0.11696039999999999       -1.1057268754962270E-002
  0.11720559999999999       -1.1079840470315763E-002
  0.11745079999999999       -1.1102407324479297E-002
  0.11769600000000000       -1.1124971175577971E-002
  0.11794120000000000       -1.1147530966972768E-002
  0.11818640000000000       -1.1170087254818674E-002
  0.11843160000000000       -1.1192639148423115E-002
  0.11867680000000000       -1.1215187208464107E-002
  0.11892200000000000       -1.1237731514644925E-002
  0.11916720000000000       -1.1260272108571107E-002
  0.11941240000000000       -1.1282808583630821E-002
  0.11965760000000000       -1.1305341313618997E-002
  0.11990280000000000       -1.1327869969628979E-002
  0.12014800000000000       -1.1350394994572632E-002
  0.12039319999999999       -1.1372915766540346E-002
  0.12063839999999999       -1.1395432722953796E-002
  0.12088359999999999       -1.1417945887417513E-002
  0.12112879999999999       -1.1440454866780131E-002
  0.12137400000000000       -1.1462959890825686E-002
  0.12161920000000000       -1.1485460980406866E-002
  0.12186440000000000       -1.1507958348796799E-002
  0.12210960000000000       -1.1530450702958852E-002
  0.12235480000000000       -1.1552939793251693E-002
  0.12260000000000000       -1.1575425275489467E-002
  0.12284520000000000       -1.1597906584899320E-002
  0.12309040000000000       -1.1620383770499895E-002
  0.12333560000000000       -1.1642856612267955E-002
  0.12358080000000000       -1.1665325764258164E-002
  0.12382599999999999       -1.1687790854603308E-002
  0.12407119999999999       -1.1710251711998835E-002
  0.12431639999999999       -1.1732708474993286E-002
  0.12456159999999999       -1.1755161145174683E-002
  0.12480680000000000       -1.1777610331618612E-002
  0.12505200000000000       -1.1800055225908518E-002
  0.12529720000000000       -1.1822495785158439E-002
  0.12554240000000000       -1.1844931943521498E-002
  0.12578760000000000       -1.1867364655719952E-002
  0.12603280000000000       -1.1889792917807339E-002
  0.12627800000000000       -1.1912216749339219E-002
  0.12652320000000000       -1.1934637083538041E-002
  0.12676840000000000       -1.1957053025004025E-002
  0.12701360000000000       -1.1979464579753430E-002
  0.12725880000000001       -1.2001872057139477E-002
  0.12750400000000001       -1.2024275694578493E-002
  0.12774920000000001       -1.2046675285365167E-002
  0.12799440000000001       -1.2069069506818098E-002
  0.12823960000000001       -1.2091460901457860E-002
  0.12848480000000001       -1.2113847388569885E-002
  0.12873000000000001       -1.2136229959642794E-002
  0.12897520000000001       -1.2158608353899600E-002
  0.12922039999999999       -1.2180982224162817E-002
  0.12946559999999999       -1.2203352194843219E-002
  0.12971079999999999       -1.2225717688968470E-002
  0.12995599999999999       -1.2248079278850419E-002
  0.13020119999999999       -1.2270436233253041E-002
  0.13044639999999999       -1.2292788821480397E-002
  0.13069159999999999       -1.2315137728519500E-002
  0.13093679999999999       -1.2337481901870326E-002
  0.13118199999999999       -1.2359821906945657E-002
  0.13142719999999999       -1.2382157632570919E-002
  0.13167240000000000       -1.2404488840172567E-002
  0.13191760000000000       -1.2426816238658496E-002
  0.13216280000000000       -1.2449138753904597E-002
  0.13240800000000000       -1.2471457457747364E-002
  0.13265320000000000       -1.2493771491206692E-002
  0.13289840000000000       -1.2516081298802139E-002
  0.13314360000000000       -1.2538386411186972E-002
  0.13338880000000000       -1.2560687812989021E-002
  0.13363400000000000       -1.2582984605676402E-002
  0.13387920000000000       -1.2605276877940866E-002
  0.13412440000000000       -1.2627565046189865E-002
  0.13436960000000001       -1.2649848493282066E-002
  0.13461480000000001       -1.2672127385823208E-002
  0.13486000000000001       -1.2694402495148843E-002
  0.13510520000000001       -1.2716672521469430E-002
  0.13535040000000001       -1.2738938790466675E-002
  0.13559560000000001       -1.2761200191049331E-002
  0.13584080000000001       -1.2783457455697438E-002
  0.13608599999999998       -1.2805710137002818E-002
  0.13633119999999999       -1.2827958346569994E-002
  0.13657639999999999       -1.2850202047632873E-002
  0.13682159999999999       -1.2872441362282286E-002
  0.13706679999999999       -1.2894676072891527E-002
  0.13731199999999999       -1.2916906279198379E-002
  0.13755719999999999       -1.2939132211073501E-002
  0.13780239999999999       -1.2961353446385134E-002
  0.13804759999999999       -1.2983570301832031E-002
  0.13829279999999999       -1.3005782603645958E-002
  0.13853799999999999       -1.3027990410066612E-002
  0.13878320000000000       -1.3050193281005403E-002
  0.13902840000000000       -1.3072392515024435E-002
  0.13927360000000000       -1.3094586082118914E-002
  0.13951880000000000       -1.3116776017908930E-002
  0.13976400000000000       -1.3138960948947167E-002
  0.14000920000000000       -1.3161141326919810E-002
  0.14025440000000000       -1.3183317185841098E-002
  0.14049960000000000       -1.3205488435260678E-002
  0.14074480000000000       -1.3227655311410411E-002
  0.14099000000000000       -1.3249817371379482E-002
  0.14123520000000001       -1.3271975251946861E-002
  0.14148040000000001       -1.3294127842239703E-002
  0.14172560000000001       -1.3316276004127129E-002
  0.14197080000000001       -1.3338419216207060E-002
  0.14221600000000001       -1.3360558726879112E-002
  0.14246120000000001       -1.3382692406273817E-002
  0.14270640000000001       -1.3404822532711368E-002
  0.14295160000000001       -1.3426947122058974E-002
  0.14319679999999999       -1.3449067496724964E-002
  0.14344199999999999       -1.3471182748711836E-002
  0.14368719999999999       -1.3493293656662082E-002
  0.14393239999999999       -1.3515400328527461E-002
  0.14417759999999999       -1.3537501518582408E-002
  0.14442279999999999       -1.3559598685732997E-002
  0.14466799999999999       -1.3581690383236771E-002
  0.14491319999999999       -1.3603777651270669E-002
  0.14515839999999999       -1.3625860430206837E-002
  0.14540359999999999       -1.3647938074746235E-002
  0.14564879999999999       -1.3670011026841447E-002
  0.14589400000000000       -1.3692079433982393E-002
  0.14613920000000000       -1.3714142786799806E-002
  0.14638440000000000       -1.3736201799370124E-002
  0.14662960000000000       -1.3758255638271702E-002
  0.14687480000000000       -1.3780304926023867E-002
  0.14712000000000000       -1.3802349201316434E-002
  0.14736520000000000       -1.3824388362682630E-002
  0.14761040000000000       -1.3846423320344905E-002
  0.14785560000000000       -1.3868453269704853E-002
  0.14810080000000000       -1.3890478457282744E-002
  0.14834600000000001       -1.3912498298106200E-002
  0.14859120000000001       -1.3934513964573582E-002
  0.14883640000000001       -1.3956524277062562E-002
  0.14908160000000001       -1.3978529569880124E-002
  0.14932680000000001       -1.4000530723128828E-002
  0.14957200000000001       -1.4022525936840531E-002
  0.14981720000000001       -1.4044517633870844E-002
  0.15006239999999998       -1.4066502919975127E-002
  0.15030759999999999       -1.4088484414816218E-002
  0.15055279999999999       -1.4110460967588117E-002
  0.15079799999999999       -1.4132432022350754E-002
  0.15104319999999999       -1.4154398697151177E-002
  0.15128839999999999       -1.4176359990349453E-002
  0.15153359999999999       -1.4198316346544398E-002
  0.15177879999999999       -1.4220267620591098E-002
  0.15202399999999999       -1.4242214587109829E-002
  0.15226919999999999       -1.4264155622809156E-002
  0.15251439999999999       -1.4286092778586369E-002
  0.15275960000000000       -1.4308023783267634E-002
  0.15300480000000000       -1.4329950510458236E-002
  0.15325000000000000       -1.4351872218306066E-002
  0.15349520000000000       -1.4373788858953788E-002
  0.15374040000000000       -1.4395700121178077E-002
  0.15398560000000000       -1.4417606758876588E-002
  0.15423080000000000       -1.4439507895185801E-002
  0.15447600000000000       -1.4461404970716180E-002
  0.15472120000000000       -1.4483295958643269E-002
  0.15496640000000000       -1.4505182425289425E-002
  0.15521160000000001       -1.4527063633943214E-002
  0.15545680000000001       -1.4548939741111957E-002
  0.15570200000000001       -1.4570811040151644E-002
  0.15594720000000001       -1.4592676796812316E-002
  0.15619240000000001       -1.4614537478032029E-002
  0.15643760000000001       -1.4636393440609664E-002
  0.15668280000000001       -1.4658244273315456E-002
  0.15692800000000001       -1.4680089813169442E-002
  0.15717319999999999       -1.4701930254318762E-002
  0.15741839999999999       -1.4723765020095661E-002
  0.15766359999999999       -1.4745595399308899E-002
  0.15790879999999999       -1.4767420063540378E-002
  0.15815399999999999       -1.4789239898222045E-002
  0.15839919999999999       -1.4811054810036452E-002
  0.15864439999999999       -1.4832864240804223E-002
  0.15888959999999999       -1.4854668281493311E-002
  0.15913479999999999       -1.4876467364931121E-002
  0.15937999999999999       -1.4898261016206091E-002
  0.15962519999999999       -1.4920049821509169E-002
  0.15987040000000000       -1.4941833165797707E-002
  0.16011560000000000       -1.4963611057289017E-002
  0.16036080000000000       -1.4985383831840320E-002
  0.16060600000000000       -1.5007151598623942E-002
  0.16085120000000000       -1.5028913808680095E-002
  0.16109640000000000       -1.5050671080659234E-002
  0.16134160000000000       -1.5072423131996802E-002
  0.16158680000000000       -1.5094169842309400E-002
  0.16183200000000000       -1.5115910744617838E-002
  0.16207720000000000       -1.5137646690400327E-002
  0.16232240000000001       -1.5159377722723332E-002
  0.16256760000000001       -1.5181103103510530E-002
  0.16281280000000001       -1.5202822894951153E-002
  0.16305800000000001       -1.5224537489971447E-002
  0.16330320000000001       -1.5246247340692444E-002
  0.16354840000000001       -1.5267951282401796E-002
  0.16379360000000001       -1.5289649663548045E-002
  0.16403879999999998       -1.5311343154965946E-002
  0.16428399999999999       -1.5333031216249401E-002
  0.16452919999999999       -1.5354714454548231E-002
  0.16477439999999999       -1.5376391070683972E-002
  0.16501959999999999       -1.5398062850211216E-002
  0.16526479999999999       -1.5419728968029837E-002
  0.16550999999999999       -1.5441389982042373E-002
  0.16575519999999999       -1.5463045727696668E-002
  0.16600039999999999       -1.5484695611838250E-002
  0.16624559999999999       -1.5506340774289851E-002
  0.16649079999999999       -1.5527980366425212E-002
  0.16673600000000000       -1.5549613854110852E-002
  0.16698120000000000       -1.5571241986274756E-002
  0.16722640000000000       -1.5592865285956803E-002
  0.16747160000000000       -1.5614481982007633E-002
  0.16771680000000000       -1.5636094036118476E-002
  0.16796200000000000       -1.5657700265282608E-002
  0.16820720000000000       -1.5679302235218767E-002
  0.16845240000000000       -1.5700897594950070E-002
  0.16869760000000000       -1.5722487317696428E-002
  0.16894280000000000       -1.5744071995550352E-002
  0.16918800000000001       -1.5765650463343106E-002
  0.16943320000000001       -1.5787223887025841E-002
  0.16967840000000001       -1.5808791471560963E-002
  0.16992360000000001       -1.5830354124767344E-002
  0.17016880000000001       -1.5851910659421608E-002
  0.17041400000000001       -1.5873461504032418E-002
  0.17065920000000001       -1.5895007677987270E-002
  0.17090439999999998       -1.5916547332424182E-002
  0.17114959999999999       -1.5938081650180708E-002
  0.17139479999999999       -1.5959610506907768E-002
  0.17163999999999999       -1.5981133882226654E-002
  0.17188519999999999       -1.6002651381194770E-002
  0.17213039999999999       -1.6024163589328053E-002
  0.17237559999999999       -1.6045669744575507E-002
  0.17262079999999999       -1.6067170337703131E-002
  0.17286599999999999       -1.6088665389116061E-002
  0.17311119999999999       -1.6110154286079731E-002
  0.17335639999999999       -1.6131638332625924E-002
  0.17360159999999999       -1.6153116342842069E-002
  0.17384680000000000       -1.6174588823765504E-002
  0.17409200000000000       -1.6196054961037366E-002
  0.17433720000000000       -1.6217516203669319E-002
  0.17458240000000000       -1.6238971640334353E-002
  0.17482760000000000       -1.6260421030385136E-002
  0.17507280000000000       -1.6281865093885149E-002
  0.17531800000000000       -1.6303302855322749E-002
  0.17556320000000000       -1.6324735673384199E-002
  0.17580840000000000       -1.6346161985753793E-002
  0.17605360000000000       -1.6367582552083069E-002
  0.17629880000000001       -1.6388997716014569E-002
  0.17654400000000001       -1.6410406594691139E-002
  0.17678920000000001       -1.6431810961731311E-002
  0.17703440000000001       -1.6453208044700244E-002
  0.17727960000000001       -1.6474599841940298E-002
  0.17752480000000001       -1.6495986436407838E-002
  0.17777000000000001       -1.6517366339892221E-002
  0.17801519999999998       -1.6538741600715851E-002
  0.17826039999999999       -1.6560109424847487E-002
  0.17850559999999999       -1.6581472571580692E-002
  0.17875079999999999       -1.6602829474428104E-002
  0.17899599999999999       -1.6624180577474636E-002
  0.17924119999999999       -1.6645526284376145E-002
  0.17948639999999999       -1.6666865930992605E-002
  0.17973159999999999       -1.6688198784532246E-002
  0.17997679999999999       -1.6709526915548872E-002
  0.18022199999999999       -1.6730848144225666E-002
  0.18046719999999999       -1.6752164406657589E-002
  0.18071240000000000       -1.6773474569162981E-002
  0.18095760000000000       -1.6794778284034553E-002
  0.18120280000000000       -1.6816076110677515E-002
  0.18144800000000000       -1.6837368190824955E-002
  0.18169320000000000       -1.6858654610721304E-002
  0.18193840000000000       -1.6879934958687479E-002
  0.18218360000000000       -1.6901209529657901E-002
  0.18242880000000000       -1.6922477993632362E-002
  0.18267400000000000       -1.6943739914183801E-002
  0.18291920000000000       -1.6964996536389994E-002
  0.18316440000000000       -1.6986247394217138E-002
  0.18340960000000001       -1.7007491790079075E-002
  0.18365480000000001       -1.7028730310269712E-002
  0.18390000000000001       -1.7049963301662793E-002
  0.18414520000000001       -1.7071189216649438E-002
  0.18439040000000001       -1.7092409979686442E-002
  0.18463560000000001       -1.7113623928713850E-002
  0.18488079999999998       -1.7134831748900254E-002
  0.18512599999999999       -1.7156034051902393E-002
  0.18537119999999999       -1.7177230990113073E-002
  0.18561639999999999       -1.7198421040202146E-002
  0.18586159999999999       -1.7219604656406134E-002
  0.18610679999999999       -1.7240782873945100E-002
  0.18635199999999999       -1.7261955301075434E-002
  0.18659719999999999       -1.7283120390688179E-002
  0.18684239999999999       -1.7304280497113304E-002
  0.18708759999999999       -1.7325434482500231E-002
  0.18733279999999999       -1.7346581445860588E-002
  0.18757799999999999       -1.7367722891528225E-002
  0.18782320000000000       -1.7388857814434923E-002
  0.18806840000000000       -1.7409987174074954E-002
  0.18831360000000000       -1.7431110139937631E-002
  0.18855880000000000       -1.7452226576818192E-002
  0.18880400000000000       -1.7473336791449953E-002
  0.18904920000000000       -1.7494441559380482E-002
  0.18929440000000000       -1.7515539696617611E-002
  0.18953960000000000       -1.7536631681825121E-002
  0.18978480000000000       -1.7557717453165110E-002
  0.19003000000000000       -1.7578796674854440E-002
  0.19027520000000001       -1.7599870022504845E-002
  0.19052040000000001       -1.7620937139579712E-002
  0.19076560000000001       -1.7641998255721401E-002
  0.19101080000000001       -1.7663052675281971E-002
  0.19125600000000001       -1.7684101202858436E-002
  0.19150120000000001       -1.7705143415940441E-002
  0.19174640000000001       -1.7726179385771115E-002
  0.19199159999999998       -1.7747208728419124E-002
  0.19223679999999999       -1.7768232166389987E-002
  0.19248199999999999       -1.7789248849418880E-002
  0.19272719999999999       -1.7810259569229187E-002
  0.19297239999999999       -1.7831263947822074E-002
  0.19321759999999999       -1.7852262384953688E-002
  0.19346279999999999       -1.7873254087510150E-002
  0.19370799999999999       -1.7894239327930071E-002
  0.19395319999999999       -1.7915217994346720E-002
  0.19419839999999999       -1.7936191318277780E-002
  0.19444359999999999       -1.7957157345987958E-002
  0.19468880000000000       -1.7978117782887885E-002
  0.19493400000000000       -1.7999071214113621E-002
  0.19517920000000000       -1.8020018879356274E-002
  0.19542440000000000       -1.8040959417463399E-002
  0.19566960000000000       -1.8061894059406367E-002
  0.19591480000000000       -1.8082821973466268E-002
  0.19616000000000000       -1.8103743707642027E-002
  0.19640520000000000       -1.8124659297886963E-002
  0.19665040000000000       -1.8145567004503114E-002
  0.19689560000000000       -1.8166470088824983E-002
  0.19714080000000000       -1.8187365831881824E-002
  0.19738600000000001       -1.8208255574033636E-002
  0.19763120000000001       -1.8229138318545116E-002
  0.19787640000000001       -1.8250014995407883E-002
  0.19812160000000001       -1.8270885309917429E-002
  0.19836680000000001       -1.8291748927023347E-002
  0.19861200000000001       -1.8312605178869703E-002
  0.19885719999999998       -1.8333456073026180E-002
  0.19910239999999998       -1.8354300289717539E-002
  0.19934759999999999       -1.8375137701451945E-002
  0.19959279999999999       -1.8395969040662548E-002
  0.19983799999999999       -1.8416793605400151E-002
  0.20008319999999999       -1.8437611045182007E-002
  0.20032839999999999       -1.8458422880804085E-002
  0.20057359999999999       -1.8479227250713919E-002
  0.20081879999999999       -1.8500025586631223E-002
  0.20106399999999999       -1.8520817218794977E-002
  0.20130919999999999       -1.8541602845584100E-002
  0.20155439999999999       -1.8562380962195736E-002
  0.20179960000000000       -1.8583153067882184E-002
  0.20204480000000000       -1.8603918242384557E-002
  0.20229000000000000       -1.8624677245132171E-002
  0.20253520000000000       -1.8645428945878579E-002
  0.20278040000000000       -1.8666174745357138E-002
  0.20302560000000000       -1.8686913352085454E-002
  0.20327080000000000       -1.8707645319742620E-002
  0.20351600000000000       -1.8728371615755208E-002
  0.20376120000000000       -1.8749090252583520E-002
  0.20400640000000000       -1.8769802112347193E-002
  0.20425160000000001       -1.8790508086535863E-002
  0.20449680000000001       -1.8811207244531700E-002
  0.20474200000000001       -1.8831899111624691E-002
  0.20498720000000001       -1.8852584211140326E-002
  0.20523240000000001       -1.8873263075454463E-002
  0.20547760000000001       -1.8893934674485413E-002
  0.20572280000000001       -1.8914600054356582E-002
  0.20596799999999998       -1.8935258559916630E-002
  0.20621319999999999       -1.8955910478302286E-002
  0.20645839999999999       -1.8976555374168889E-002
  0.20670359999999999       -1.8997193604439890E-002
  0.20694879999999999       -1.9017825518686342E-002
  0.20719399999999999       -1.9038450233371942E-002
  0.20743919999999999       -1.9059067880902784E-002
  0.20768439999999999       -1.9079679427950341E-002
  0.20792959999999999       -1.9100283672697529E-002
  0.20817479999999999       -1.9120880976827279E-002
  0.20841999999999999       -1.9141471884007433E-002
  0.20866520000000000       -1.9162056020256342E-002
  0.20891040000000000       -1.9182632734787333E-002
  0.20915560000000000       -1.9203203396315809E-002
  0.20940080000000000       -1.9223766780029683E-002
  0.20964600000000000       -1.9244323097803436E-002
  0.20989120000000000       -1.9264873008062296E-002
  0.21013640000000000       -1.9285415528347824E-002
  0.21038160000000000       -1.9305951907686331E-002
  0.21062680000000000       -1.9326480895685182E-002
  0.21087200000000000       -1.9347002843980225E-002
  0.21111720000000000       -1.9367518053184259E-002
  0.21136240000000001       -1.9388026557401485E-002
  0.21160760000000001       -1.9408527983742565E-002
  0.21185280000000001       -1.9429022653000744E-002
  0.21209800000000001       -1.9449510035942499E-002
  0.21234320000000001       -1.9469990360437766E-002
  0.21258840000000001       -1.9490464423946294E-002
  0.21283359999999998       -1.9510931117431525E-002
  0.21307879999999998       -1.9531390808433531E-002
  0.21332399999999999       -1.9551843526667074E-002
  0.21356919999999999       -1.9572289603200396E-002
  0.21381439999999999       -1.9592728806351635E-002
  0.21405959999999999       -1.9613160249818497E-002
  0.21430479999999999       -1.9633584650130268E-002
  0.21454999999999999       -1.9654002568383445E-002
  0.21479519999999999       -1.9674413534227816E-002
  0.21504039999999999       -1.9694817794255824E-002
  0.21528559999999999       -1.9715214047661186E-002
  0.21553079999999999       -1.9735603444643680E-002
  0.21577600000000000       -1.9755986295060656E-002
  0.21602120000000000       -1.9776361921265750E-002
  0.21626640000000000       -1.9796729567992659E-002
  0.21651160000000000       -1.9817091407270372E-002
  0.21675680000000000       -1.9837445986155840E-002
  0.21700200000000000       -1.9857793354788780E-002
  0.21724720000000000       -1.9878133321271838E-002
  0.21749240000000000       -1.9898466085456677E-002
  0.21773760000000000       -1.9918792037934795E-002
  0.21798280000000000       -1.9939110883940500E-002
  0.21822800000000001       -1.9959422344934693E-002
  0.21847320000000001       -1.9979726512245097E-002
  0.21871840000000001       -2.0000023786428185E-002
  0.21896360000000001       -2.0020313506525615E-002
  0.21920880000000001       -2.0040597048937712E-002
  0.21945400000000001       -2.0060872545323342E-002
  0.21969919999999998       -2.0081140996573318E-002
  0.21994439999999998       -2.0101403129050670E-002
  0.22018959999999999       -2.0121656516148057E-002
  0.22043479999999999       -2.0141903549137703E-002
  0.22067999999999999       -2.0162143652347239E-002
  0.22092519999999999       -2.0182376466467547E-002
  0.22117039999999999       -2.0202601775346725E-002
  0.22141559999999999       -2.0222819899051253E-002
  0.22166079999999999       -2.0243030085415215E-002
  0.22190599999999999       -2.0263234177086469E-002
  0.22215119999999999       -2.0283430236312256E-002
  0.22239639999999999       -2.0303619528672216E-002
  0.22264160000000000       -2.0323801386326844E-002
  0.22288680000000000       -2.0343975757044080E-002
  0.22313200000000000       -2.0364143224979123E-002
  0.22337720000000000       -2.0384302955112094E-002
  0.22362240000000000       -2.0404455708397808E-002
  0.22386760000000000       -2.0424601437566619E-002
  0.22411280000000000       -2.0444739170280345E-002
  0.22435800000000000       -2.0464869376986349E-002
  0.22460320000000000       -2.0484992351943968E-002
  0.22484840000000000       -2.0505108257159895E-002
  0.22509360000000000       -2.0525216804206381E-002
  0.22533880000000001       -2.0545318275704254E-002
  0.22558400000000001       -2.0565411774903359E-002
  0.22582920000000001       -2.0585497618811767E-002
  0.22607440000000001       -2.0605577355448896E-002
  0.22631960000000001       -2.0625648792580560E-002
  0.22656480000000001       -2.0645712668707305E-002
  0.22680999999999998       -2.0665769953956348E-002
  0.22705519999999998       -2.0685819123959389E-002
  0.22730039999999999       -2.0705861289637278E-002
  0.22754559999999999       -2.0725895421618980E-002
  0.22779079999999999       -2.0745923185692180E-002
  0.22803599999999999       -2.0765941968883990E-002
  0.22828119999999999       -2.0785954622251510E-002
  0.22852639999999999       -2.0805959315346702E-002
  0.22877159999999999       -2.0825956504511051E-002
  0.22901679999999999       -2.0845946079224360E-002
  0.22926199999999999       -2.0865927954049686E-002
  0.22950719999999999       -2.0885902918343080E-002
  0.22975240000000000       -2.0905869545199473E-002
  0.22999760000000000       -2.0925829733048708E-002
  0.23024280000000000       -2.0945781875176608E-002
  0.23048800000000000       -2.0965725660267668E-002
  0.23073320000000000       -2.0985662940494251E-002
  0.23097840000000000       -2.1005592412253617E-002
  0.23122360000000000       -2.1025514620613844E-002
  0.23146880000000000       -2.1045428418011561E-002
  0.23171400000000000       -2.1065335616507957E-002
  0.23195920000000000       -2.1085234874819406E-002
  0.23220440000000001       -2.1105126446505910E-002
  0.23244960000000001       -2.1125010659976847E-002
  0.23269480000000001       -2.1144886436597433E-002
  0.23294000000000001       -2.1164755327773042E-002
  0.23318520000000001       -2.1184616554362747E-002
  0.23343040000000001       -2.1204469998800164E-002
  0.23367559999999998       -2.1224315666120631E-002
  0.23392079999999998       -2.1244154307092322E-002
  0.23416599999999999       -2.1263984745197556E-002
  0.23441119999999999       -2.1283807644314586E-002
  0.23465639999999999       -2.1303622791759080E-002
  0.23490159999999999       -2.1323430261970890E-002
  0.23514679999999999       -2.1343229878091063E-002
  0.23539199999999999       -2.1363022300721457E-002
  0.23563719999999999       -2.1382806287616365E-002
  0.23588239999999999       -2.1402583492515403E-002
  0.23612759999999999       -2.1422351987114653E-002
  0.23637279999999999       -2.1442113700138789E-002
  0.23661799999999999       -2.1461867345477521E-002
  0.23686320000000000       -2.1481612753546889E-002
  0.23710840000000000       -2.1501350917950347E-002
  0.23735360000000000       -2.1521081089432056E-002
  0.23759880000000000       -2.1540803474681083E-002
  0.23784400000000000       -2.1560517952987263E-002
  0.23808920000000000       -2.1580225042210868E-002
  0.23833440000000000       -2.1599924489024733E-002
  0.23857960000000000       -2.1619616169521769E-002
  0.23882480000000000       -2.1639299149589800E-002
  0.23907000000000000       -2.1658975181365312E-002
  0.23931520000000001       -2.1678643169014137E-002
  0.23956040000000001       -2.1698302553271820E-002
  0.23980560000000001       -2.1717955145659180E-002
  0.24005080000000001       -2.1737599225890771E-002
  0.24029600000000001       -2.1757235916712487E-002
  0.24054120000000001       -2.1776864815748351E-002
  0.24078639999999998       -2.1796485498587231E-002
  0.24103159999999998       -2.1816098224041486E-002
  0.24127679999999999       -2.1835703645941094E-002
  0.24152199999999999       -2.1855300339950989E-002
  0.24176719999999999       -2.1874889836697529E-002
  0.24201239999999999       -2.1894471059758006E-002
  0.24225759999999999       -2.1914044164072263E-002
  0.24250279999999999       -2.1933609666020069E-002
  0.24274799999999999       -2.1953166891370366E-002
  0.24299319999999999       -2.1972716284517760E-002
  0.24323839999999999       -2.1992258191845353E-002
  0.24348359999999999       -2.2011791780937054E-002
  0.24372880000000000       -2.2031317633267610E-002
  0.24397400000000000       -2.2050835424453359E-002
  0.24421920000000000       -2.2070345322019451E-002
  0.24446440000000000       -2.2089846745519049E-002
  0.24470960000000000       -2.2109340162187380E-002
  0.24495480000000000       -2.2128825913183985E-002
  0.24520000000000000       -2.2148303319257337E-002
  0.24544520000000000       -2.2167773381238969E-002
  0.24569040000000000       -2.2187234536136483E-002
  0.24593560000000000       -2.2206688182964812E-002
  0.24618080000000001       -2.2226133712696466E-002
  0.24642600000000001       -2.2245571572098333E-002
  0.24667120000000001       -2.2265000878380785E-002
  0.24691640000000001       -2.2284421671284492E-002
  0.24716160000000001       -2.2303835105697653E-002
  0.24740680000000001       -2.2323239936325776E-002
  0.24765199999999998       -2.2342636497277545E-002
  0.24789719999999998       -2.2362026571624023E-002
  0.24814239999999999       -2.2381406876671901E-002
  0.24838759999999999       -2.2400779085444945E-002
  0.24863279999999999       -2.2420144168022425E-002
  0.24887799999999999       -2.2439500228974136E-002
  0.24912319999999999       -2.2458848308603736E-002
  0.24936839999999999       -2.2478188718833905E-002
  0.24961359999999999       -2.2497520895176312E-002
  0.24985879999999999       -2.2516844889167550E-002
  0.25010399999999999       -2.2536160500645327E-002
  0.25034919999999999       -2.2555467535100130E-002
  0.25059439999999999       -2.2574767177635555E-002
  0.25083960000000000       -2.2594058030845382E-002
  0.25108480000000000       -2.2613340832186770E-002
  0.25133000000000000       -2.2632614971493423E-002
  0.25157520000000000       -2.2651881493073463E-002
  0.25182040000000000       -2.2671139719282096E-002
  0.25206560000000000       -2.2690389698195156E-002
  0.25231080000000000       -2.2709631462803470E-002
  0.25255600000000000       -2.2728864721795111E-002
  0.25280120000000000       -2.2748089562004661E-002
  0.25304640000000000       -2.2767306614228728E-002
  0.25329160000000001       -2.2786515040520133E-002
  0.25353680000000001       -2.2805715043644322E-002
  0.25378200000000001       -2.2824907314268585E-002
  0.25402720000000001       -2.2844090956688639E-002
  0.25427240000000001       -2.2863266252813534E-002
  0.25451760000000001       -2.2882433498566331E-002
  0.25476280000000001       -2.2901591740815800E-002
  0.25500800000000001       -2.2920742460509316E-002
  0.25525320000000001       -2.2939884012459156E-002
  0.25549840000000001       -2.2959018120497450E-002
  0.25574360000000002       -2.2978143119786631E-002
  0.25598880000000002       -2.2997259881740811E-002
  0.25623400000000002       -2.3016368840494301E-002
  0.25647920000000002       -2.3035468928125555E-002
  0.25672440000000002       -2.3054560906001727E-002
  0.25696960000000002       -2.3073643879367230E-002
  0.25721480000000002       -2.3092718519325255E-002
  0.25746000000000002       -2.3111785035654631E-002
  0.25770520000000002       -2.3130843467585607E-002
  0.25795040000000002       -2.3149893024132305E-002
  0.25819559999999997       -2.3168934434975669E-002
  0.25844079999999997       -2.3187967195156426E-002
  0.25868599999999997       -2.3206991501169005E-002
  0.25893119999999997       -2.3226007229613363E-002
  0.25917639999999997       -2.3245014915730593E-002
  0.25942159999999997       -2.3264013569959791E-002
  0.25966679999999998       -2.3283003839726511E-002
  0.25991199999999998       -2.3301985932343602E-002
  0.26015719999999998       -2.3320958952792202E-002
  0.26040239999999998       -2.3339923857875127E-002
  0.26064759999999998       -2.3358880075323885E-002
  0.26089279999999998       -2.3377828199024838E-002
  0.26113799999999998       -2.3396767270445335E-002
  0.26138319999999998       -2.3415698063360562E-002
  0.26162839999999998       -2.3434620547572876E-002
  0.26187359999999998       -2.3453533986459482E-002
  0.26211879999999999       -2.3472439373032651E-002
  0.26236399999999999       -2.3491335541405246E-002
  0.26260919999999999       -2.3510223549481943E-002
  0.26285439999999999       -2.3529102639728600E-002
  0.26309959999999999       -2.3547973451862259E-002
  0.26334479999999999       -2.3566834826150154E-002
  0.26358999999999999       -2.3585688629361758E-002
  0.26383519999999999       -2.3604533829154985E-002
  0.26408039999999999       -2.3623369451341851E-002
  0.26432559999999999       -2.3642197239208802E-002
  0.26457079999999999       -2.3661016328341472E-002
  0.26481600000000000       -2.3679826153042607E-002
  0.26506120000000000       -2.3698627780403363E-002
  0.26530640000000000       -2.3717420948632554E-002
  0.26555160000000000       -2.3736204913858461E-002
  0.26579680000000000       -2.3754980250878847E-002
  0.26604200000000000       -2.3773747228526092E-002
  0.26628720000000000       -2.3792505040275237E-002
  0.26653240000000000       -2.3811255151962384E-002
  0.26677760000000000       -2.3829995720424151E-002
  0.26702280000000000       -2.3848727278551678E-002
  0.26726800000000001       -2.3867450459361606E-002
  0.26751320000000001       -2.3886165099947967E-002
  0.26775840000000001       -2.3904870531886821E-002
  0.26800360000000001       -2.3923568016655739E-002
  0.26824880000000001       -2.3942255680496120E-002
  0.26849400000000001       -2.3960934543165568E-002
  0.26873920000000001       -2.3979605723826937E-002
  0.26898440000000001       -2.3998267467066948E-002
  0.26922960000000001       -2.4016920960758963E-002
  0.26947480000000001       -2.4035564576844363E-002
  0.26972000000000002       -2.4054200275039583E-002
  0.26996520000000002       -2.4072826375587931E-002
  0.27021040000000002       -2.4091444558012341E-002
  0.27045560000000002       -2.4110052758253835E-002
  0.27070080000000002       -2.4128653283459058E-002
  0.27094600000000002       -2.4147244007574363E-002
  0.27119120000000002       -2.4165826307885854E-002
  0.27143640000000002       -2.4184400021415160E-002
  0.27168160000000002       -2.4202964269034795E-002
  0.27192680000000002       -2.4221520250994288E-002
  0.27217199999999997       -2.4240066835456747E-002
  0.27241719999999997       -2.4258605134817653E-002
  0.27266239999999997       -2.4277133368060276E-002
  0.27290759999999997       -2.4295653610064069E-002
  0.27315279999999997       -2.4314164365390828E-002
  0.27339799999999997       -2.4332666729639369E-002
  0.27364319999999998       -2.4351160051420066E-002
  0.27388839999999998       -2.4369644493562534E-002
  0.27413359999999998       -2.4388119343970342E-002
  0.27437879999999998       -2.4406585465540573E-002
  0.27462399999999998       -2.4425043011801657E-002
  0.27486919999999998       -2.4443491184430052E-002
  0.27511439999999998       -2.4461930836105990E-002
  0.27535959999999998       -2.4480360374315814E-002
  0.27560479999999998       -2.4498782380356934E-002
  0.27584999999999998       -2.4517194887931706E-002
  0.27609519999999999       -2.4535598241434198E-002
  0.27634039999999999       -2.4553992219962042E-002
  0.27658559999999999       -2.4572376995624201E-002
  0.27683079999999999       -2.4590753051470730E-002
  0.27707599999999999       -2.4609120199056447E-002
  0.27732119999999999       -2.4627478590818725E-002
  0.27756639999999999       -2.4645826787182263E-002
  0.27781159999999999       -2.4664167528102653E-002
  0.27805679999999999       -2.4682497915750102E-002
  0.27830199999999999       -2.4700820017248867E-002
  0.27854719999999999       -2.4719132458895489E-002
  0.27879240000000000       -2.4737435792530633E-002
  0.27903760000000000       -2.4755730842099342E-002
  0.27928280000000000       -2.4774015241027406E-002
  0.27952800000000000       -2.4792291451605122E-002
  0.27977320000000000       -2.4810558640798962E-002
  0.28001840000000000       -2.4828815550560594E-002
  0.28026360000000000       -2.4847064295526994E-002
  0.28050880000000000       -2.4865304646536510E-002
  0.28075400000000000       -2.4883534791064657E-002
  0.28099920000000000       -2.4901755416922685E-002
  0.28124440000000001       -2.4919966901742509E-002
  0.28148960000000001       -2.4938169411175534E-002
  0.28173480000000001       -2.4956363440637824E-002
  0.28198000000000001       -2.4974547919411116E-002
  0.28222520000000001       -2.4992722550487661E-002
  0.28247040000000001       -2.5010888280741734E-002
  0.28271560000000001       -2.5029045433881160E-002
  0.28296080000000001       -2.5047191922583260E-002
  0.28320600000000001       -2.5065330653618233E-002
  0.28345120000000001       -2.5083458609562896E-002
  0.28369640000000002       -2.5101578344578768E-002
  0.28394160000000002       -2.5119688751989208E-002
  0.28418680000000002       -2.5137789476345779E-002
  0.28443200000000002       -2.5155881649467280E-002
  0.28467720000000002       -2.5173963465393589E-002
  0.28492240000000002       -2.5192036387646787E-002
  0.28516760000000002       -2.5210100248918590E-002
  0.28541280000000002       -2.5228154937232149E-002
  0.28565800000000002       -2.5246199955678929E-002
  0.28590320000000002       -2.5264235486657870E-002
  0.28614839999999997       -2.5282261834824068E-002
  0.28639359999999997       -2.5300279047334253E-002
  0.28663879999999997       -2.5318286180738867E-002
  0.28688399999999997       -2.5336284426886343E-002
  0.28712919999999997       -2.5354273097319684E-002
  0.28737439999999997       -2.5372253047506624E-002
  0.28761959999999998       -2.5390222825061554E-002
  0.28786479999999998       -2.5408183753921499E-002
  0.28810999999999998       -2.5426134381253018E-002
  0.28835519999999998       -2.5444076376994459E-002
  0.28860039999999998       -2.5462008195992685E-002
  0.28884559999999998       -2.5479931422038450E-002
  0.28909079999999998       -2.5497845295635424E-002
  0.28933599999999998       -2.5515749286522615E-002
  0.28958119999999998       -2.5533643780977333E-002
  0.28982639999999998       -2.5551529063033037E-002
  0.29007159999999999       -2.5569404598330799E-002
  0.29031679999999999       -2.5587270171490227E-002
  0.29056199999999999       -2.5605127077175219E-002
  0.29080719999999999       -2.5622973862248887E-002
  0.29105239999999999       -2.5640812200041267E-002
  0.29129759999999999       -2.5658639967123736E-002
  0.29154279999999999       -2.5676457653660670E-002
  0.29178799999999999       -2.5694267475068967E-002
  0.29203319999999999       -2.5712067172749816E-002
  0.29227839999999999       -2.5729856639388350E-002
  0.29252359999999999       -2.5747637452828299E-002
  0.29276880000000000       -2.5765407813637810E-002
  0.29301400000000000       -2.5783169323423498E-002
  0.29325920000000000       -2.5800921044152377E-002
  0.29350440000000000       -2.5818662943065677E-002
  0.29374960000000000       -2.5836394395245356E-002
  0.29399480000000000       -2.5854117435763459E-002
  0.29424000000000000       -2.5871830887680889E-002
  0.29448520000000000       -2.5889534778110346E-002
  0.29473040000000000       -2.5907229111308411E-002
  0.29497560000000000       -2.5924913346699215E-002
  0.29522080000000001       -2.5942588382903118E-002
  0.29546600000000001       -2.5960252868824960E-002
  0.29571120000000001       -2.5977908319123999E-002
  0.29595640000000001       -2.5995553667510118E-002
  0.29620160000000001       -2.6013189905740388E-002
  0.29644680000000001       -2.6030815999686322E-002
  0.29669200000000001       -2.6048432593078638E-002
  0.29693720000000001       -2.6066039808644803E-002
  0.29718240000000001       -2.6083636938839826E-002
  0.29742760000000001       -2.6101224154805713E-002
  0.29767280000000002       -2.6118802317591720E-002
  0.29791800000000002       -2.6136370140808770E-002
  0.29816320000000002       -2.6153929146388057E-002
  0.29840840000000002       -2.6171476774057366E-002
  0.29865360000000002       -2.6189016094238286E-002
  0.29889880000000002       -2.6206544772946396E-002
  0.29914400000000002       -2.6224064257538825E-002
  0.29938920000000002       -2.6241573393581304E-002
  0.29963440000000002       -2.6259073064409274E-002
  0.29987960000000002       -2.6276563440805801E-002
  0.30012479999999997       -2.6294043214208283E-002
  0.30036999999999997       -2.6311513420911977E-002
  0.30061519999999997       -2.6328973311693066E-002
  0.30086039999999997       -2.6346424232337282E-002
  0.30110559999999997       -2.6363865056712964E-002
  0.30135079999999997       -2.6381296019389464E-002
  0.30159599999999998       -2.6398716860493131E-002
  0.30184119999999998       -2.6416128391132922E-002
  0.30208639999999998       -2.6433529783782765E-002
  0.30233159999999998       -2.6450921102767366E-002
  0.30257679999999998       -2.6468302965903374E-002
  0.30282199999999998       -2.6485674852712880E-002
  0.30306719999999998       -2.6503035981709548E-002
  0.30331239999999998       -2.6520388199990693E-002
  0.30355759999999998       -2.6537730101458594E-002
  0.30380279999999998       -2.6555061935742356E-002
  0.30404799999999998       -2.6572384275855843E-002
  0.30429319999999999       -2.6589696108171454E-002
  0.30453839999999999       -2.6606998801090714E-002
  0.30478359999999999       -2.6624291233643183E-002
  0.30502879999999999       -2.6641573191801285E-002
  0.30527399999999999       -2.6658845531132052E-002
  0.30551919999999999       -2.6676107777356191E-002
  0.30576439999999999       -2.6693359848851256E-002
  0.30600959999999999       -2.6710602630627151E-002
  0.30625479999999999       -2.6727835152363710E-002
  0.30649999999999999       -2.6745057185940006E-002
  0.30674520000000000       -2.6762269881842323E-002
  0.30699040000000000       -2.6779471859894103E-002
  0.30723560000000000       -2.6796664186545499E-002
  0.30748080000000000       -2.6813846379345981E-002
  0.30772600000000000       -2.6831018482194165E-002
  0.30797120000000000       -2.6848181040503506E-002
  0.30821640000000000       -2.6865333000758686E-002
  0.30846160000000000       -2.6882474522878893E-002
  0.30870680000000000       -2.6899606457677468E-002
  0.30895200000000000       -2.6916728698013162E-002
  0.30919720000000001       -2.6933840599670380E-002
  0.30944240000000001       -2.6950941504114843E-002
  0.30968760000000001       -2.6968033170741847E-002
  0.30993280000000001       -2.6985114696337065E-002
  0.31017800000000001       -2.7002185991822390E-002
  0.31042320000000001       -2.7019247094455096E-002
  0.31066840000000001       -2.7036298141552183E-002
  0.31091360000000001       -2.7053338808987672E-002
  0.31115880000000001       -2.7070369565265692E-002
  0.31140400000000001       -2.7087389550723186E-002
  0.31164920000000002       -2.7104400271054981E-002
  0.31189440000000002       -2.7121400693876911E-002
  0.31213960000000002       -2.7138390639792807E-002
  0.31238480000000002       -2.7155369743770249E-002
  0.31263000000000002       -2.7172339785695828E-002
  0.31287520000000002       -2.7189298523374927E-002
  0.31312040000000002       -2.7206248393666980E-002
  0.31336560000000002       -2.7223187114260628E-002
  0.31361080000000002       -2.7240115736609897E-002
  0.31385600000000002       -2.7257033892054999E-002
  0.31410119999999997       -2.7273941724298225E-002
  0.31434639999999997       -2.7290839889389337E-002
  0.31459159999999997       -2.7307727157132734E-002
  0.31483679999999997       -2.7324604321236391E-002
  0.31508199999999997       -2.7341471237941339E-002
  0.31532719999999997       -2.7358328066984700E-002
  0.31557239999999998       -2.7375174909205550E-002
  0.31581759999999998       -2.7392011030857179E-002
  0.31606279999999998       -2.7408836782528492E-002
  0.31630799999999998       -2.7425651765897958E-002
  0.31655319999999998       -2.7442457450591096E-002
  0.31679839999999998       -2.7459251947075165E-002
  0.31704359999999998       -2.7476036559493856E-002
  0.31728879999999998       -2.7492810895476540E-002
  0.31753399999999998       -2.7509574402200285E-002
  0.31777919999999998       -2.7526327429108460E-002
  0.31802439999999998       -2.7543070762566364E-002
  0.31826959999999999       -2.7559803191582768E-002
  0.31851479999999999       -2.7576525708475425E-002
  0.31875999999999999       -2.7593237703681928E-002
  0.31900519999999999       -2.7609938833400353E-002
  0.31925039999999999       -2.7626629593771330E-002
  0.31949559999999999       -2.7643310286126967E-002
  0.31974079999999999       -2.7659979986108328E-002
  0.31998599999999999       -2.7676639629240531E-002
  0.32023119999999999       -2.7693289175273979E-002
  0.32047639999999999       -2.7709927737297930E-002
  0.32072160000000000       -2.7726556018377216E-002
  0.32096680000000000       -2.7743173956320508E-002
  0.32121200000000000       -2.7759781018733991E-002
  0.32145720000000000       -2.7776378205348510E-002
  0.32170240000000000       -2.7792963818299415E-002
  0.32194760000000000       -2.7809540299455131E-002
  0.32219280000000000       -2.7826105445003708E-002
  0.32243800000000000       -2.7842660394274004E-002
  0.32268320000000000       -2.7859204676314645E-002
  0.32292840000000000       -2.7875738378487318E-002
  0.32317360000000001       -2.7892260994002955E-002
  0.32341880000000001       -2.7908774017754340E-002
  0.32366400000000001       -2.7925276253403093E-002
  0.32390920000000001       -2.7941767462698112E-002
  0.32415440000000001       -2.7958248146981633E-002
  0.32439960000000001       -2.7974719268487186E-002
  0.32464480000000001       -2.7991178992033041E-002
  0.32489000000000001       -2.8007627485829991E-002
  0.32513520000000001       -2.8024066633891037E-002
  0.32538040000000001       -2.8040494249287062E-002
  0.32562560000000002       -2.8056911946720189E-002
  0.32587080000000002       -2.8073318029764927E-002
  0.32611600000000002       -2.8089714342653904E-002
  0.32636120000000002       -2.8106099611460912E-002
  0.32660640000000002       -2.8122474743432328E-002
  0.32685160000000002       -2.8138838237740302E-002
  0.32709680000000002       -2.8155192096995265E-002
  0.32734200000000002       -2.8171534198396464E-002
  0.32758720000000002       -2.8187866702365838E-002
  0.32783239999999997       -2.8204188150264858E-002
  0.32807759999999997       -2.8220498760072307E-002
  0.32832279999999997       -2.8236798758422763E-002
  0.32856799999999997       -2.8253087789780390E-002
  0.32881319999999997       -2.8269366315939206E-002
  0.32905839999999997       -2.8285634423845137E-002
  0.32930359999999997       -2.8301890846859964E-002
  0.32954879999999998       -2.8318137661092240E-002
  0.32979399999999998       -2.8334373736349668E-002
  0.33003919999999998       -2.8350598157818985E-002
  0.33028439999999998       -2.8366811701799100E-002
  0.33052959999999998       -2.8383014589390274E-002
  0.33077479999999998       -2.8399208037096228E-002
  0.33101999999999998       -2.8415389106096499E-002
  0.33126519999999998       -2.8431559786231280E-002
  0.33151039999999998       -2.8447720476820263E-002
  0.33175559999999998       -2.8463869523379863E-002
  0.33200079999999998       -2.8480008007298264E-002
  0.33224599999999999       -2.8496135399553688E-002
  0.33249119999999999       -2.8512251964879207E-002
  0.33273639999999999       -2.8528357704707311E-002
  0.33298159999999999       -2.8544452926521996E-002
  0.33322679999999999       -2.8560537445424704E-002
  0.33347199999999999       -2.8576610530534310E-002
  0.33371719999999999       -2.8592672738387118E-002
  0.33396239999999999       -2.8608724551998390E-002
  0.33420759999999999       -2.8624764799314934E-002
  0.33445279999999999       -2.8640794616745072E-002
  0.33469800000000000       -2.8656813727848850E-002
  0.33494320000000000       -2.8672821856536353E-002
  0.33518840000000000       -2.8688818559591107E-002
  0.33543360000000000       -2.8704804387087543E-002
  0.33567880000000000       -2.8720779329682578E-002
  0.33592400000000000       -2.8736744304424112E-002
  0.33616920000000000       -2.8752697270856394E-002
  0.33641440000000000       -2.8768638889606891E-002
  0.33665960000000000       -2.8784571271282498E-002
  0.33690480000000000       -2.8800491361626289E-002
  0.33715000000000001       -2.8816400538718305E-002
  0.33739520000000001       -2.8832298540870074E-002
  0.33764040000000001       -2.8848185967046330E-002
  0.33788560000000001       -2.8864062353352735E-002
  0.33813080000000001       -2.8879927184088893E-002
  0.33837600000000001       -2.8895781791925489E-002
  0.33862120000000001       -2.8911624729660437E-002
  0.33886640000000001       -2.8927457344877158E-002
  0.33911160000000001       -2.8943278310654599E-002
  0.33935680000000001       -2.8959088268771034E-002
  0.33960200000000001       -2.8974886980863920E-002
  0.33984720000000002       -2.8990675452588776E-002
  0.34009240000000002       -2.9006452272107620E-002
  0.34033760000000002       -2.9022217879349728E-002
  0.34058280000000002       -2.9037972597456805E-002
  0.34082800000000002       -2.9053716550625365E-002
  0.34107320000000002       -2.9069449189394084E-002
  0.34131840000000002       -2.9085170971796536E-002
  0.34156360000000002       -2.9100880725592127E-002
  0.34180879999999997       -2.9116579815476294E-002
  0.34205399999999997       -2.9132267859569221E-002
  0.34229919999999997       -2.9147945003711099E-002
  0.34254439999999997       -2.9163609772523243E-002
  0.34278959999999997       -2.9179264637079913E-002
  0.34303479999999997       -2.9194908477700020E-002
  0.34327999999999997       -2.9210540613468047E-002
  0.34352519999999998       -2.9226161698307100E-002
  0.34377039999999998       -2.9241771140278140E-002
  0.34401559999999998       -2.9257369813485794E-002
  0.34426079999999998       -2.9272957293920307E-002
  0.34450599999999998       -2.9288533368989594E-002
  0.34475119999999998       -2.9304098099257620E-002
  0.34499639999999998       -2.9319651824758063E-002
  0.34524159999999998       -2.9335194515251666E-002
  0.34548679999999998       -2.9350725676188294E-002
  0.34573199999999998       -2.9366246302117666E-002
  0.34597719999999998       -2.9381754464070750E-002
  0.34622239999999999       -2.9397251852425983E-002
  0.34646759999999999       -2.9412737986289780E-002
  0.34671279999999999       -2.9428212774555741E-002
  0.34695799999999999       -2.9443676740812771E-002
  0.34720319999999999       -2.9459128705657481E-002
  0.34744839999999999       -2.9474569770244628E-002
  0.34769359999999999       -2.9489999463900872E-002
  0.34793879999999999       -2.9505417636906728E-002
  0.34818399999999999       -2.9520825066147751E-002
  0.34842919999999999       -2.9536220574716620E-002
  0.34867440000000000       -2.9551605391011145E-002
  0.34891960000000000       -2.9566977825559351E-002
  0.34916480000000000       -2.9582339423229638E-002
  0.34941000000000000       -2.9597689078965934E-002
  0.34965520000000000       -2.9613028669295851E-002
  0.34990040000000000       -2.9628356230870852E-002
  0.35014560000000000       -2.9643672159858647E-002
  0.35039080000000000       -2.9658976849910347E-002
  0.35063600000000000       -2.9674270136976703E-002
  0.35088120000000000       -2.9689552171300891E-002
  0.35112640000000001       -2.9704822482427361E-002
  0.35137160000000001       -2.9720081731932517E-002
  0.35161680000000001       -2.9735329417637874E-002
  0.35186200000000001       -2.9750565721163753E-002
  0.35210720000000001       -2.9765790520467978E-002
  0.35235240000000001       -2.9781003493172503E-002
  0.35259760000000001       -2.9796205224653004E-002
  0.35284280000000001       -2.9811395789711349E-002
  0.35308800000000001       -2.9826574477629059E-002
  0.35333320000000001       -2.9841741776860681E-002
  0.35357840000000001       -2.9856897397634388E-002
  0.35382360000000002       -2.9872041957549063E-002
  0.35406880000000002       -2.9887174437878340E-002
  0.35431400000000002       -2.9902296259981941E-002
  0.35455920000000002       -2.9917406111919370E-002
  0.35480440000000002       -2.9932503581920178E-002
  0.35504960000000002       -2.9947590736303809E-002
  0.35529480000000002       -2.9962665760308659E-002
  0.35554000000000002       -2.9977729745822509E-002
  0.35578519999999997       -2.9992781892021831E-002
  0.35603039999999997       -3.0007822102141219E-002
  0.35627559999999997       -3.0022850805182744E-002
  0.35652079999999997       -3.0037868028041252E-002
  0.35676599999999997       -3.0052874348527756E-002
  0.35701119999999997       -3.0067867965415281E-002
  0.35725639999999997       -3.0082850671976122E-002
  0.35750159999999997       -3.0097821576028329E-002
  0.35774679999999998       -3.0112780089086123E-002
  0.35799199999999998       -3.0127728444109124E-002
  0.35823719999999998       -3.0142664651455296E-002
  0.35848239999999998       -3.0157588776303892E-002
  0.35872759999999998       -3.0172501060729735E-002
  0.35897279999999998       -3.0187402231943036E-002
  0.35921799999999998       -3.0202292148044534E-002
  0.35946319999999998       -3.0217169570890001E-002
  0.35970839999999998       -3.0232035217265252E-002
  0.35995359999999998       -3.0246889396608741E-002
  0.36019879999999999       -3.0261732332684553E-002
  0.36044399999999999       -3.0276563089679680E-002
  0.36068919999999999       -3.0291382465988018E-002
  0.36093439999999999       -3.0306190115469891E-002
  0.36117959999999999       -3.0320985874705320E-002
  0.36142479999999999       -3.0335769568239194E-002
  0.36166999999999999       -3.0350541846905624E-002
  0.36191519999999999       -3.0365302449071176E-002
  0.36216039999999999       -3.0380051299606737E-002
  0.36240559999999999       -3.0394788127321874E-002
  0.36265080000000000       -3.0409513801841384E-002
  0.36289600000000000       -3.0424226814640395E-002
  0.36314120000000000       -3.0438928601873760E-002
  0.36338640000000000       -3.0453618422299600E-002
  0.36363160000000000       -3.0468296562816421E-002
  0.36387680000000000       -3.0482962554204508E-002
  0.36412200000000000       -3.0497617438472187E-002
  0.36436720000000000       -3.0512259372950504E-002
  0.36461240000000000       -3.0526890669511936E-002
  0.36485760000000000       -3.0541509895301674E-002
  0.36510280000000001       -3.0556116738245077E-002
  0.36534800000000001       -3.0570711708131242E-002
  0.36559320000000001       -3.0585294894970843E-002
  0.36583840000000001       -3.0599866305240232E-002
  0.36608360000000001       -3.0614425890376645E-002
  0.36632880000000001       -3.0628974395061150E-002
  0.36657400000000001       -3.0643509844728758E-002
  0.36681920000000001       -3.0658033929863368E-002
  0.36706440000000001       -3.0672545680059709E-002
  0.36730960000000001       -3.0687046106007212E-002
  0.36755480000000001       -3.0701534526685326E-002
  0.36780000000000002       -3.0716010682912218E-002
  0.36804520000000002       -3.0730475421403995E-002
  0.36829040000000002       -3.0744926603089476E-002
  0.36853560000000002       -3.0759367853142535E-002
  0.36878080000000002       -3.0773796704528275E-002
  0.36902600000000002       -3.0788212941620968E-002
  0.36927120000000002       -3.0802617200976191E-002
  0.36951640000000002       -3.0817010257670502E-002
  0.36976159999999997       -3.0831390606469750E-002
  0.37000679999999997       -3.0845759189974682E-002
  0.37025199999999997       -3.0860115855885592E-002
  0.37049719999999997       -3.0874460997346635E-002
  0.37074239999999997       -3.0888793746300641E-002
  0.37098759999999997       -3.0903113810159866E-002
  0.37123279999999997       -3.0917421870165468E-002
  0.37147799999999997       -3.0931718436967608E-002
  0.37172319999999998       -3.0946003268407948E-002
  0.37196839999999998       -3.0960275222024904E-002
  0.37221359999999998       -3.0974535845624932E-002
  0.37245879999999998       -3.0988784168556684E-002
  0.37270399999999998       -3.1003020365659242E-002
  0.37294919999999998       -3.1017244526513534E-002
  0.37319439999999998       -3.1031456183450878E-002
  0.37343959999999998       -3.1045656513815797E-002
  0.37368479999999998       -3.1059844562208137E-002
  0.37392999999999998       -3.1074020088499889E-002
  0.37417519999999999       -3.1088183446966403E-002
  0.37442039999999999       -3.1102335092442535E-002
  0.37466559999999999       -3.1116474211431756E-002
  0.37491079999999999       -3.1130601161621158E-002
  0.37515599999999999       -3.1144716596237739E-002
  0.37540119999999999       -3.1158819754048196E-002
  0.37564639999999999       -3.1172910216706293E-002
  0.37589159999999999       -3.1186988700518545E-002
  0.37613679999999999       -3.1201055393646197E-002
  0.37638199999999999       -3.1215109528688015E-002
  0.37662720000000000       -3.1229151248752092E-002
  0.37687240000000000       -3.1243181610458925E-002
  0.37711760000000000       -3.1257198895712518E-002
  0.37736280000000000       -3.1271204555650765E-002
  0.37760800000000000       -3.1285197794093472E-002
  0.37785320000000000       -3.1299179164780158E-002
  0.37809840000000000       -3.1313147990704358E-002
  0.37834360000000000       -3.1327103790167905E-002
  0.37858880000000000       -3.1341048173322977E-002
  0.37883400000000000       -3.1354980116943584E-002
  0.37907920000000001       -3.1368900465520870E-002
  0.37932440000000001       -3.1382806958227580E-002
  0.37956960000000001       -3.1396702737656476E-002
  0.37981480000000001       -3.1410585242018271E-002
  0.38006000000000001       -3.1424455850962790E-002
  0.38030520000000001       -3.1438314456315342E-002
  0.38055040000000001       -3.1452160579728931E-002
  0.38079560000000001       -3.1465994239260227E-002
  0.38104080000000001       -3.1479815278766768E-002
  0.38128600000000001       -3.1493624639158786E-002
  0.38153120000000001       -3.1507421531785332E-002
  0.38177640000000002       -3.1521205872367682E-002
  0.38202160000000002       -3.1534977954611743E-002
  0.38226680000000002       -3.1548738080474328E-002
  0.38251200000000002       -3.1562485240338230E-002
  0.38275720000000002       -3.1576219507351351E-002
  0.38300240000000002       -3.1589942742332157E-002
  0.38324760000000002       -3.1603653243578458E-002
  0.38349280000000002       -3.1617350659736226E-002
  0.38373799999999997       -3.1631036042485627E-002
  0.38398319999999997       -3.1644709291099304E-002
  0.38422839999999997       -3.1658369849454270E-002
  0.38447359999999997       -3.1672017834357760E-002
  0.38471879999999997       -3.1685653940466872E-002
  0.38496399999999997       -3.1699277016020835E-002
  0.38520919999999997       -3.1712887960455453E-002
  0.38545439999999997       -3.1726486496837937E-002
  0.38569959999999998       -3.1740072656373075E-002
  0.38594479999999998       -3.1753646170595624E-002
  0.38618999999999998       -3.1767207106349227E-002
  0.38643519999999998       -3.1780755382033531E-002
  0.38668039999999998       -3.1794292043282608E-002
  0.38692559999999998       -3.1807815622028585E-002
  0.38717079999999998       -3.1821326767003784E-002
  0.38741599999999998       -3.1834825594441458E-002
  0.38766119999999998       -3.1848311680019184E-002
  0.38790639999999998       -3.1861785258823744E-002
  0.38815159999999999       -3.1875246111387166E-002
  0.38839679999999999       -3.1888694665107173E-002
  0.38864199999999999       -3.1902130821844343E-002
  0.38888719999999999       -3.1915554359058948E-002
  0.38913239999999999       -3.1928965207989851E-002
  0.38937759999999999       -3.1942364004930730E-002
  0.38962279999999999       -3.1955749364872242E-002
  0.38986799999999999       -3.1969122719434445E-002
  0.39011319999999999       -3.1982483353328060E-002
  0.39035839999999999       -3.1995831435057846E-002
  0.39060360000000000       -3.2009166772285630E-002
  0.39084880000000000       -3.2022489961998392E-002
  0.39109400000000000       -3.2035799774410186E-002
  0.39133920000000000       -3.2049097533604270E-002
  0.39158440000000000       -3.2062383388146855E-002
  0.39182960000000000       -3.2075655335637721E-002
  0.39207480000000000       -3.2088914805727890E-002
  0.39232000000000000       -3.2102161978235989E-002
  0.39256520000000000       -3.2115396616587910E-002
  0.39281040000000000       -3.2128618481369983E-002
  0.39305560000000000       -3.2141827549670675E-002
  0.39330080000000001       -3.2155024312524413E-002
  0.39354600000000001       -3.2168208095483222E-002
  0.39379120000000001       -3.2181379589305080E-002
  0.39403640000000001       -3.2194537593659714E-002
  0.39428160000000001       -3.2207683586172590E-002
  0.39452680000000001       -3.2220816399144654E-002
  0.39477200000000001       -3.2233937095147991E-002
  0.39501720000000001       -3.2247044600086441E-002
  0.39526240000000001       -3.2260139215482569E-002
  0.39550760000000001       -3.2273221592267351E-002
  0.39575280000000002       -3.2286291294739998E-002
  0.39599800000000002       -3.2299347883416568E-002
  0.39624320000000002       -3.2312391938679560E-002
  0.39648840000000002       -3.2325423362696712E-002
  0.39673360000000002       -3.2338441796275118E-002
  0.39697880000000002       -3.2351447400915251E-002
  0.39722400000000002       -3.2364440029229738E-002
  0.39746920000000002       -3.2377420080778999E-002
  0.39771439999999997       -3.2390387514821359E-002
  0.39795959999999997       -3.2403341787464762E-002
  0.39820479999999997       -3.2416283496528253E-002
  0.39844999999999997       -3.2429212800403402E-002
  0.39869519999999997       -3.2442128526626257E-002
  0.39894039999999997       -3.2455032021623059E-002
  0.39918559999999997       -3.2467922074914453E-002
  0.39943079999999997       -3.2480799885215919E-002
  0.39967599999999998       -3.2493664923501461E-002
  0.39992119999999998       -3.2506516800162755E-002
  0.40016639999999998       -3.2519355639387883E-002
  0.40041159999999998       -3.2532181979373423E-002
  0.40065679999999998       -3.2544995378524309E-002
  0.40090199999999998       -3.2557795738548528E-002
  0.40114719999999998       -3.2570582917488891E-002
  0.40139239999999998       -3.2583357872517871E-002
  0.40163759999999998       -3.2596119872362092E-002
  0.40188279999999998       -3.2608868256022674E-002
  0.40212799999999999       -3.2621604472501876E-002
  0.40237319999999999       -3.2634327071696244E-002
  0.40261839999999999       -3.2647037548024609E-002
  0.40286359999999999       -3.2659734565333866E-002
  0.40310879999999999       -3.2672418977053912E-002
  0.40335399999999999       -3.2685090431382527E-002
  0.40359919999999999       -3.2697748641294086E-002
  0.40384439999999999       -3.2710393726218048E-002
  0.40408959999999999       -3.2723025846722611E-002
  0.40433479999999999       -3.2735645832430722E-002
  0.40458000000000000       -3.2748252210722778E-002
  0.40482520000000000       -3.2760845675370638E-002
  0.40507040000000000       -3.2773426512049779E-002
  0.40531560000000000       -3.2785993904945444E-002
  0.40556080000000000       -3.2798548108155953E-002
  0.40580600000000000       -3.2811089328907805E-002
  0.40605120000000000       -3.2823617775690664E-002
  0.40629640000000000       -3.2836133712600905E-002
  0.40654160000000000       -3.2848635811287157E-002
  0.40678680000000000       -3.2861125260567940E-002
  0.40703200000000000       -3.2873601475256621E-002
  0.40727720000000001       -3.2886064437871072E-002
  0.40752240000000001       -3.2898514845877413E-002
  0.40776760000000001       -3.2910952036143741E-002
  0.40801280000000001       -3.2923375797414597E-002
  0.40825800000000001       -3.2935786643489368E-002
  0.40850320000000001       -3.2948184624967111E-002
  0.40874840000000001       -3.2960569959213960E-002
  0.40899360000000001       -3.2972941429865267E-002
  0.40923880000000001       -3.2985299756523673E-002
  0.40948400000000001       -3.2997645666023721E-002
  0.40972920000000002       -3.3009977755751235E-002
  0.40997440000000002       -3.3022297282284369E-002
  0.41021960000000002       -3.3034603182703910E-002
  0.41046480000000002       -3.3046896194886578E-002
  0.41071000000000002       -3.3059176017681810E-002
  0.41095520000000002       -3.3071442598029015E-002
  0.41120040000000002       -3.3083696238509062E-002
  0.41144560000000002       -3.3095937050023561E-002
  0.41169079999999997       -3.3108163602460584E-002
  0.41193599999999997       -3.3120378309912171E-002
  0.41218119999999997       -3.3132578841893010E-002
  0.41242639999999997       -3.3144766539099368E-002
  0.41267159999999997       -3.3156940692792292E-002
  0.41291679999999997       -3.3169102254551441E-002
  0.41316199999999997       -3.3181250287142354E-002
  0.41340719999999997       -3.3193385421096566E-002
  0.41365239999999998       -3.3205506658834739E-002
  0.41389759999999998       -3.3217615038581227E-002
  0.41414279999999998       -3.3229710618297603E-002
  0.41438799999999998       -3.3241792311704280E-002
  0.41463319999999998       -3.3253861102083844E-002
  0.41487839999999998       -3.3265916276522541E-002
  0.41512359999999998       -3.3277958907333281E-002
  0.41536879999999998       -3.3289987553625736E-002
  0.41561399999999998       -3.3302003128266339E-002
  0.41585919999999998       -3.3314005888369420E-002
  0.41610439999999999       -3.3325994638990962E-002
  0.41634959999999999       -3.3337970412443643E-002
  0.41659479999999999       -3.3349933107904031E-002
  0.41683999999999999       -3.3361882187029950E-002
  0.41708519999999999       -3.3373818318573410E-002
  0.41733039999999999       -3.3385740824873958E-002
  0.41757559999999999       -3.3397650173405222E-002
  0.41782079999999999       -3.3409546279166889E-002
  0.41806599999999999       -3.3421428414201662E-002
  0.41831119999999999       -3.3433297842718521E-002
  0.41855640000000000       -3.3445153619087835E-002
  0.41880160000000000       -3.3456996591225328E-002
  0.41904680000000000       -3.3468825560749059E-002
  0.41929200000000000       -3.3480641541053728E-002
  0.41953720000000000       -3.3492444051453608E-002
  0.41978240000000000       -3.3504233483827306E-002
  0.42002760000000000       -3.3516008971940160E-002
  0.42027280000000000       -3.3527771040135677E-002
  0.42051800000000000       -3.3539520007270007E-002
  0.42076320000000000       -3.3551255577309952E-002
  0.42100840000000000       -3.3562977833924833E-002
  0.42125360000000001       -3.3574686995990283E-002
  0.42149880000000001       -3.3586382128031216E-002
  0.42174400000000001       -3.3598063386128835E-002
  0.42198920000000001       -3.3609732378302122E-002
  0.42223440000000001       -3.3621387088760314E-002
  0.42247960000000001       -3.3633029067250485E-002
  0.42272480000000001       -3.3644657241840847E-002
  0.42297000000000001       -3.3656271691383563E-002
  0.42321520000000001       -3.3667872837500043E-002
  0.42346040000000001       -3.3679460635634255E-002
  0.42370560000000002       -3.3691034632306292E-002
  0.42395080000000002       -3.3702595610719734E-002
  0.42419600000000002       -3.3714143010722751E-002
  0.42444120000000002       -3.3725676692224177E-002
  0.42468640000000002       -3.3737196517436348E-002
  0.42493160000000002       -3.3748703545438984E-002
  0.42517680000000002       -3.3760196707436796E-002
  0.42542200000000002       -3.3771676717367277E-002
  0.42566719999999997       -3.3783142407657979E-002
  0.42591239999999997       -3.3794595375953404E-002
  0.42615759999999997       -3.3806034780116311E-002
  0.42640279999999997       -3.3817459964923399E-002
  0.42664799999999997       -3.3828872267785311E-002
  0.42689319999999997       -3.3840270864893399E-002
  0.42713839999999997       -3.3851655887904987E-002
  0.42738359999999997       -3.3863027144116944E-002
  0.42762879999999998       -3.3874385156909541E-002
  0.42787399999999998       -3.3885729389797108E-002
  0.42811919999999998       -3.3897059845804565E-002
  0.42836439999999998       -3.3908377055944072E-002
  0.42860959999999998       -3.3919680523406028E-002
  0.42885479999999998       -3.3930970599742406E-002
  0.42909999999999998       -3.3942246725679422E-002
  0.42934519999999998       -3.3953509564219837E-002
  0.42959039999999998       -3.3964758382170265E-002
  0.42983559999999998       -3.3975993962005326E-002
  0.43008079999999999       -3.3987215475911083E-002
  0.43032599999999999       -3.3998424152277454E-002
  0.43057119999999999       -3.4009617905187806E-002
  0.43081639999999999       -3.4020799212035158E-002
  0.43106159999999999       -3.4031966394139967E-002
  0.43130679999999999       -3.4043120145737155E-002
  0.43155199999999999       -3.4054260025467263E-002
  0.43179719999999999       -3.4065386113291171E-002
  0.43204239999999999       -3.4076498152380209E-002
  0.43228759999999999       -3.4087597002224142E-002
  0.43253280000000000       -3.4098682886971828E-002
  0.43277800000000000       -3.4109753527644351E-002
  0.43302320000000000       -3.4120811769263008E-002
  0.43326840000000000       -3.4131855876976577E-002
  0.43351360000000000       -3.4142886099538965E-002
  0.43375880000000000       -3.4153902722627111E-002
  0.43400400000000000       -3.4164905431016045E-002
  0.43424920000000000       -3.4175894828196912E-002
  0.43449440000000000       -3.4186870495036298E-002
  0.43473960000000000       -3.4197831937861807E-002
  0.43498480000000000       -3.4208779661736612E-002
  0.43523000000000001       -3.4219714308366282E-002
  0.43547520000000001       -3.4230634336444403E-002
  0.43572040000000001       -3.4241541187791720E-002
  0.43596560000000001       -3.4252433931458999E-002
  0.43621080000000001       -3.4263313142929387E-002
  0.43645600000000001       -3.4274178184717244E-002
  0.43670120000000001       -3.4285030377643848E-002
  0.43694640000000001       -3.4295867751097414E-002
  0.43719160000000001       -3.4306691940541166E-002
  0.43743680000000001       -3.4317501954086727E-002
  0.43768200000000002       -3.4328298140480690E-002
  0.43792720000000002       -3.4339080969349650E-002
  0.43817240000000002       -3.4349849323431200E-002
  0.43841760000000002       -3.4360604474283372E-002
  0.43866280000000002       -3.4371345832188371E-002
  0.43890800000000002       -3.4382072415515677E-002
  0.43915320000000002       -3.4392786042109415E-002
  0.43939839999999997       -3.4403485334165242E-002
  0.43964359999999997       -3.4414171009043704E-002
  0.43988879999999997       -3.4424842968025754E-002
  0.44013399999999997       -3.4435501192728313E-002
  0.44037919999999997       -3.4446145028130981E-002
  0.44062439999999997       -3.4456775180447055E-002
  0.44086959999999997       -3.4467391345661985E-002
  0.44111479999999997       -3.4477994126423168E-002
  0.44135999999999997       -3.4488582403949634E-002
  0.44160519999999998       -3.4499157082808422E-002
  0.44185039999999998       -3.4509717999465547E-002
  0.44209559999999998       -3.4520264692823224E-002
  0.44234079999999998       -3.4530797518610976E-002
  0.44258599999999998       -3.4541316201477636E-002
  0.44283119999999998       -3.4551821267424086E-002
  0.44307639999999998       -3.4562312327808563E-002
  0.44332159999999998       -3.4572789488749880E-002
  0.44356679999999998       -3.4583252799475786E-002
  0.44381199999999998       -3.4593701887978646E-002
  0.44405719999999999       -3.4604137990800247E-002
  0.44430239999999999       -3.4614558994010336E-002
  0.44454759999999999       -3.4624966195905597E-002
  0.44479279999999999       -3.4635359740997018E-002
  0.44503799999999999       -3.4645739343361452E-002
  0.44528319999999999       -3.4656104795483651E-002
  0.44552839999999999       -3.4666456091556178E-002
  0.44577359999999999       -3.4676793359244416E-002
  0.44601879999999999       -3.4687116892807131E-002
  0.44626399999999999       -3.4697426429801607E-002
  0.44650919999999999       -3.4707721948251079E-002
  0.44675440000000000       -3.4718003431053072E-002
  0.44699960000000000       -3.4728270949459898E-002
  0.44724480000000000       -3.4738524216629312E-002
  0.44749000000000000       -3.4748763423094811E-002
  0.44773520000000000       -3.4758989439383929E-002
  0.44798040000000000       -3.4769200463372063E-002
  0.44822560000000000       -3.4779397378704231E-002
  0.44847080000000000       -3.4789580716564530E-002
  0.44871600000000000       -3.4799750008927655E-002
  0.44896120000000000       -3.4809905423074446E-002
  0.44920640000000001       -3.4820046091059841E-002
  0.44945160000000001       -3.4830173355072769E-002
  0.44969680000000001       -3.4840285980186743E-002
  0.44994200000000001       -3.4850384418022365E-002
  0.45018720000000001       -3.4860469492711960E-002
  0.45043240000000001       -3.4870540233391471E-002
  0.45067760000000001       -3.4880596698013272E-002
  0.45092280000000001       -3.4890639541402202E-002
  0.45116800000000001       -3.4900667424716814E-002
  0.45141320000000001       -3.4910681556781904E-002
  0.45165840000000002       -3.4920681351652015E-002
  0.45190360000000002       -3.4930667486241546E-002
  0.45214880000000002       -3.4940639496539271E-002
  0.45239400000000002       -3.4950596953199312E-002
  0.45263920000000002       -3.4960540506611876E-002
  0.45288440000000002       -3.4970469706698683E-002
  0.45312960000000002       -3.4980385078217519E-002
  0.45337479999999997       -3.4990286438609519E-002
  0.45361999999999997       -3.5000173269827989E-002
  0.45386519999999997       -3.5010046041603612E-002
  0.45411039999999997       -3.5019904701200096E-002
  0.45435559999999997       -3.5029748951952870E-002
  0.45460079999999997       -3.5039579461371186E-002
  0.45484599999999997       -3.5049394729260178E-002
  0.45509119999999997       -3.5059197578745017E-002
  0.45533639999999997       -3.5068984739924085E-002
  0.45558159999999998       -3.5078758516257635E-002
  0.45582679999999998       -3.5088517341312388E-002
  0.45607199999999998       -3.5098262556824231E-002
  0.45631719999999998       -3.5107993190785211E-002
  0.45656239999999998       -3.5117710210870012E-002
  0.45680759999999998       -3.5127412358943066E-002
  0.45705279999999998       -3.5137100965791271E-002
  0.45729799999999998       -3.5146774340948643E-002
  0.45754319999999998       -3.5156434796377742E-002
  0.45778839999999998       -3.5166079604474210E-002
  0.45803359999999999       -3.5175710578284163E-002
  0.45827879999999999       -3.5185327642949890E-002
  0.45852399999999999       -3.5194930511294083E-002
  0.45876919999999999       -3.5204518693500206E-002
  0.45901439999999999       -3.5214093126628078E-002
  0.45925959999999999       -3.5223652895544008E-002
  0.45950479999999999       -3.5233198329138002E-002
  0.45974999999999999       -3.5242729495508142E-002
  0.45999519999999999       -3.5252246437764187E-002
  0.46024039999999999       -3.5261748997160079E-002
  0.46048559999999999       -3.5271237630248829E-002
  0.46073080000000000       -3.5280711827529863E-002
  0.46097600000000000       -3.5290171830570732E-002
  0.46122120000000000       -3.5299616715995713E-002
  0.46146640000000000       -3.5309047997863011E-002
  0.46171160000000000       -3.5318465258158543E-002
  0.46195680000000000       -3.5327867206619637E-002
  0.46220200000000000       -3.5337255549145519E-002
  0.46244720000000000       -3.5346629467810552E-002
  0.46269240000000000       -3.5355989158201144E-002
  0.46293760000000000       -3.5365334370178705E-002
  0.46318280000000001       -3.5374664666718666E-002
  0.46342800000000001       -3.5383980620590248E-002
  0.46367320000000001       -3.5393283035849869E-002
  0.46391840000000001       -3.5402571184025504E-002
  0.46416360000000001       -3.5411844232789834E-002
  0.46440880000000001       -3.5421103007452930E-002
  0.46465400000000001       -3.5430347639999638E-002
  0.46489920000000001       -3.5439577552381273E-002
  0.46514440000000001       -3.5448793216388788E-002
  0.46538960000000001       -3.5457994788368960E-002
  0.46563480000000002       -3.5467182103000254E-002
  0.46588000000000002       -3.5476354398053779E-002
  0.46612520000000002       -3.5485512502799778E-002
  0.46637040000000002       -3.5494656566698382E-002
  0.46661560000000002       -3.5503785575113883E-002
  0.46686080000000002       -3.5512900873243804E-002
  0.46710600000000002       -3.5522001347428910E-002
  0.46735119999999997       -3.5531087270951695E-002
  0.46759639999999997       -3.5540158833783891E-002
  0.46784159999999997       -3.5549216215543820E-002
  0.46808679999999997       -3.5558259160442009E-002
  0.46833199999999997       -3.5567287039212310E-002
  0.46857719999999997       -3.5576301063193434E-002
  0.46882239999999997       -3.5585299971372733E-002
  0.46906759999999997       -3.5594285181388775E-002
  0.46931279999999997       -3.5603255660221295E-002
  0.46955799999999998       -3.5612211357009101E-002
  0.46980319999999998       -3.5621153159175682E-002
  0.47004839999999998       -3.5630079992900250E-002
  0.47029359999999998       -3.5638993024452607E-002
  0.47053879999999998       -3.5647890589662952E-002
  0.47078399999999998       -3.5656773696349744E-002
  0.47102919999999998       -3.5665643025722289E-002
  0.47127439999999998       -3.5674497266049529E-002
  0.47151959999999998       -3.5683337502665377E-002
  0.47176479999999998       -3.5692163047432439E-002
  0.47200999999999999       -3.5700973693949485E-002
  0.47225519999999999       -3.5709770247179959E-002
  0.47250039999999999       -3.5718552378377171E-002
  0.47274559999999999       -3.5727319803037880E-002
  0.47299079999999999       -3.5736072425005108E-002
  0.47323599999999999       -3.5744810936913542E-002
  0.47348119999999999       -3.5753534704944558E-002
  0.47372639999999999       -3.5762243909151906E-002
  0.47397159999999999       -3.5770938192341208E-002
  0.47421679999999999       -3.5779618719529283E-002
  0.47446199999999999       -3.5788284130550019E-002
  0.47470720000000000       -3.5796934934804084E-002
  0.47495240000000000       -3.5805571138026890E-002
  0.47519760000000000       -3.5814193522134094E-002
  0.47544280000000000       -3.5822800450054884E-002
  0.47568800000000000       -3.5831392935855973E-002
  0.47593320000000000       -3.5839971385356634E-002
  0.47617840000000000       -3.5848534562188610E-002
  0.47642360000000000       -3.5857083609229498E-002
  0.47666880000000000       -3.5865618060394622E-002
  0.47691400000000000       -3.5874137521884328E-002
  0.47715920000000001       -3.5882642689666386E-002
  0.47740440000000001       -3.5891132982222219E-002
  0.47764960000000001       -3.5899608773959785E-002
  0.47789480000000001       -3.5908069672019684E-002
  0.47814000000000001       -3.5916516407476264E-002
  0.47838520000000001       -3.5924948498426292E-002
  0.47863040000000001       -3.5933366019791295E-002
  0.47887560000000001       -3.5941768237084851E-002
  0.47912080000000001       -3.5950156303073577E-002
  0.47936600000000001       -3.5958529497004253E-002
  0.47961120000000002       -3.5966888556970299E-002
  0.47985640000000002       -3.5975232776680716E-002
  0.48010160000000002       -3.5983562098559248E-002
  0.48034680000000002       -3.5991876627450688E-002
  0.48059200000000002       -3.6000177112394033E-002
  0.48083720000000002       -3.6008462302055816E-002
  0.48108240000000002       -3.6016733174987402E-002
  0.48132759999999997       -3.6024989493772301E-002
  0.48157279999999997       -3.6033230652429769E-002
  0.48181799999999997       -3.6041456556154497E-002
  0.48206319999999997       -3.6049668928427661E-002
  0.48230839999999997       -3.6057866383610172E-002
  0.48255359999999997       -3.6066049076238692E-002
  0.48279879999999997       -3.6074217054454676E-002
  0.48304399999999997       -3.6082369924692659E-002
  0.48328919999999997       -3.6090508325501029E-002
  0.48353439999999998       -3.6098632469068706E-002
  0.48377959999999998       -3.6106741048845675E-002
  0.48402479999999998       -3.6114835514489595E-002
  0.48426999999999998       -3.6122914836891624E-002
  0.48451519999999998       -3.6130979975073606E-002
  0.48476039999999998       -3.6139030006159915E-002
  0.48500559999999998       -3.6147065646055222E-002
  0.48525079999999998       -3.6155086070295911E-002
  0.48549599999999998       -3.6163091663451531E-002
  0.48574119999999998       -3.6171083044851539E-002
  0.48598639999999999       -3.6179059323667856E-002
  0.48623159999999999       -3.6187020890127673E-002
  0.48647679999999999       -3.6194967571457570E-002
  0.48672199999999999       -3.6202899629921972E-002
  0.48696719999999999       -3.6210816965277969E-002
  0.48721239999999999       -3.6218719529905359E-002
  0.48745759999999999       -3.6226607049208166E-002
  0.48770279999999999       -3.6234480073858474E-002
  0.48794799999999999       -3.6242338553146750E-002
  0.48819319999999999       -3.6250181789529719E-002
  0.48843839999999999       -3.6258009937906545E-002
  0.48868360000000000       -3.6265824239531029E-002
  0.48892880000000000       -3.6273622861397264E-002
  0.48917400000000000       -3.6281406986082662E-002
  0.48941920000000000       -3.6289176353162388E-002
  0.48966440000000000       -3.6296930824687046E-002
  0.48990960000000000       -3.6304670950717259E-002
  0.49015480000000000       -3.6312395594235714E-002
  0.49040000000000000       -3.6320105768407981E-002
  0.49064520000000000       -3.6327801205333875E-002
  0.49089040000000000       -3.6335481229629242E-002
  0.49113560000000001       -3.6343147272097191E-002
  0.49138080000000001       -3.6350797771355255E-002
  0.49162600000000001       -3.6358433596623170E-002
  0.49187120000000001       -3.6366054732199934E-002
  0.49211640000000001       -3.6373660714820837E-002
  0.49236160000000001       -3.6381252317179084E-002
  0.49260680000000001       -3.6388828103694232E-002
  0.49285200000000001       -3.6396389885452129E-002
  0.49309720000000001       -3.6403937051184741E-002
  0.49334240000000001       -3.6411468543856018E-002
  0.49358760000000002       -3.6418985834789343E-002
  0.49383280000000002       -3.6426487895923870E-002
  0.49407800000000002       -3.6433975365364413E-002
  0.49432320000000002       -3.6441447592232154E-002
  0.49456840000000002       -3.6448905056111577E-002
  0.49481360000000002       -3.6456347699733403E-002
  0.49505880000000002       -3.6463775396272248E-002
  0.49530399999999997       -3.6471188276379150E-002
  0.49554919999999997       -3.6478586312559798E-002
  0.49579439999999997       -3.6485968966739009E-002
  0.49603959999999997       -3.6493336807274804E-002
  0.49628479999999997       -3.6500690226866778E-002
  0.49652999999999997       -3.6508028626182888E-002
  0.49677519999999997       -3.6515352040164477E-002
  0.49702039999999997       -3.6522660493496770E-002
  0.49726559999999997       -3.6529953534486660E-002
  0.49751079999999998       -3.6537232403958467E-002
  0.49775599999999998       -3.6544495723026163E-002
  0.49800119999999998       -3.6551744422445923E-002
  0.49824639999999998       -3.6558978521761674E-002
  0.49849159999999998       -3.6566196986833520E-002
  0.49873679999999998       -3.6573401202484208E-002
  0.49898199999999998       -3.6580589838614945E-002
  0.49922719999999998       -3.6587763961303206E-002
  0.49947239999999998       -3.6594922668038807E-002
  0.49971759999999998       -3.6602066609356942E-002
  0.49996279999999999       -3.6609195919624152E-002
  0.50020799999999999       -3.6616309962429747E-002
  0.50045320000000004       -3.6623409133009453E-002
  0.50069839999999999       -3.6630493093760305E-002
  0.50094360000000004       -3.6637562879471772E-002
  0.50118879999999999       -3.6644616734709111E-002
  0.50143400000000005       -3.6651655758345524E-002
  0.50167919999999999       -3.6658679971432261E-002
  0.50192440000000005       -3.6665689207699914E-002
  0.50216959999999999       -3.6672683630397898E-002
  0.50241479999999994       -3.6679662409885176E-002
  0.50266000000000000       -3.6686626958761265E-002
  0.50290519999999994       -3.6693576523929378E-002
  0.50315040000000000       -3.6700510750681939E-002
  0.50339559999999994       -3.6707429738793131E-002
  0.50364080000000000       -3.6714333839171116E-002
  0.50388599999999995       -3.6721223039757542E-002
  0.50413120000000000       -3.6728097394946535E-002
  0.50437639999999995       -3.6734956469537096E-002
  0.50462160000000000       -3.6741800553505656E-002
  0.50486679999999995       -3.6748629355950746E-002
  0.50511200000000001       -3.6755443786007001E-002
  0.50535719999999995       -3.6762242672847618E-002
  0.50560240000000001       -3.6769026715901008E-002
  0.50584759999999995       -3.6775795715221320E-002
  0.50609280000000001       -3.6782549632534946E-002
  0.50633799999999995       -3.6789288384476281E-002
  0.50658320000000001       -3.6796011876724655E-002
  0.50682839999999996       -3.6802720682040824E-002
  0.50707360000000001       -3.6809414708735895E-002
  0.50731879999999996       -3.6816093125142786E-002
  0.50756400000000002       -3.6822756554321788E-002
  0.50780919999999996       -3.6829405047874311E-002
  0.50805440000000002       -3.6836038388898373E-002
  0.50829959999999996       -3.6842657194579354E-002
  0.50854480000000002       -3.6849260193011782E-002
  0.50878999999999996       -3.6855848870389465E-002
  0.50903520000000002       -3.6862421676171278E-002
  0.50928039999999997       -3.6868979608240614E-002
  0.50952560000000002       -3.6875522635375628E-002
  0.50977079999999997       -3.6882050615138572E-002
  0.51001600000000002       -3.6888563060682701E-002
  0.51026119999999997       -3.6895060313347466E-002
  0.51050640000000003       -3.6901543117366264E-002
  0.51075159999999997       -3.6908010770562646E-002
  0.51099680000000003       -3.6914462998073841E-002
  0.51124199999999997       -3.6920900270769004E-002
  0.51148720000000003       -3.6927322373550321E-002
  0.51173239999999998       -3.6933729709849004E-002
  0.51197760000000003       -3.6940121477404927E-002
  0.51222279999999998       -3.6946497658150688E-002
  0.51246800000000003       -3.6952859574125155E-002
  0.51271319999999998       -3.6959206077423520E-002
  0.51295840000000004       -3.6965537553609214E-002
  0.51320359999999998       -3.6971853955493364E-002
  0.51344880000000004       -3.6978155235341675E-002
  0.51369399999999998       -3.6984440913220104E-002
  0.51393920000000004       -3.6990711541225407E-002
  0.51418439999999999       -3.6996967405066736E-002
  0.51442960000000004       -3.7003207715435471E-002
  0.51467479999999999       -3.7009433446744192E-002
  0.51492000000000004       -3.7015643881310158E-002
  0.51516519999999999       -3.7021838741863218E-002
  0.51541040000000005       -3.7028018360118112E-002
  0.51565559999999999       -3.7034183356462816E-002
  0.51590080000000005       -3.7040332770807122E-002
  0.51614599999999999       -3.7046467348676546E-002
  0.51639119999999994       -3.7052586300075602E-002
  0.51663640000000000       -3.7058690637047274E-002
  0.51688159999999994       -3.7064779485453302E-002
  0.51712680000000000       -3.7070853447968163E-002
  0.51737199999999994       -3.7076911866243879E-002
  0.51761720000000000       -3.7082955137306278E-002
  0.51786239999999994       -3.7088983343911398E-002
  0.51810760000000000       -3.7094996291841306E-002
  0.51835279999999995       -3.7100993928237049E-002
  0.51859800000000000       -3.7106976593593174E-002
  0.51884319999999995       -3.7112944194804327E-002
  0.51908840000000001       -3.7118896470250150E-002
  0.51933359999999995       -3.7124833608289894E-002
  0.51957880000000001       -3.7130755386526805E-002
  0.51982399999999995       -3.7136661768082779E-002
  0.52006920000000001       -3.7142553192433619E-002
  0.52031439999999995       -3.7148429325441816E-002
  0.52055960000000001       -3.7154290069704693E-002
  0.52080479999999996       -3.7160136001622261E-002
  0.52105000000000001       -3.7165967048199432E-002
  0.52129519999999996       -3.7171782013060740E-002
  0.52154040000000002       -3.7177581934387784E-002
  0.52178559999999996       -3.7183366784132178E-002
  0.52203080000000002       -3.7189136563666403E-002
  0.52227599999999996       -3.7194890824955293E-002
  0.52252120000000002       -3.7200629899187217E-002
  0.52276639999999996       -3.7206353744362902E-002
  0.52301160000000002       -3.7212062445048974E-002
  0.52325679999999997       -3.7217756057631002E-002
  0.52350200000000002       -3.7223433854011986E-002
  0.52374719999999997       -3.7229097017828242E-002
  0.52399240000000002       -3.7234744763007435E-002
  0.52423759999999997       -3.7240376857275631E-002
  0.52448280000000003       -3.7245994048068082E-002
  0.52472799999999997       -3.7251596309316175E-002
  0.52497320000000003       -3.7257183015611227E-002
  0.52521839999999997       -3.7262754677094619E-002
  0.52546360000000003       -3.7268310278432817E-002
  0.52570879999999998       -3.7273851267478321E-002
  0.52595400000000003       -3.7279376974760151E-002
  0.52619919999999998       -3.7284887072266522E-002
  0.52644440000000003       -3.7290382306101488E-002
  0.52668959999999998       -3.7295861687003405E-002
  0.52693480000000004       -3.7301326485407106E-002
  0.52717999999999998       -3.7306775433371270E-002
  0.52742520000000004       -3.7312209186923850E-002
  0.52767039999999998       -3.7317628214189859E-002
  0.52791560000000004       -3.7323031278660927E-002
  0.52816079999999999       -3.7328419781247742E-002
  0.52840600000000004       -3.7333791791349748E-002
  0.52865119999999999       -3.7339149419174697E-002
  0.52889640000000004       -3.7344491702704652E-002
  0.52914159999999999       -3.7349818216157467E-002
  0.52938680000000005       -3.7355129944864410E-002
  0.52963199999999999       -3.7360426222262565E-002
  0.52987720000000005       -3.7365707216466593E-002
  0.53012239999999999       -3.7370972926453284E-002
  0.53036759999999994       -3.7376223161711353E-002
  0.53061280000000000       -3.7381457745347776E-002
  0.53085799999999994       -3.7386677764785395E-002
  0.53110320000000000       -3.7391882161849334E-002
  0.53134839999999994       -3.7397070901198128E-002
  0.53159360000000000       -3.7402244818977040E-002
  0.53183879999999994       -3.7407403247224053E-002
  0.53208400000000000       -3.7412546042291897E-002
  0.53232919999999995       -3.7417673532403807E-002
  0.53257440000000000       -3.7422786158663894E-002
  0.53281959999999995       -3.7427883375342225E-002
  0.53306480000000001       -3.7432964956846858E-002
  0.53330999999999995       -3.7438031351834135E-002
  0.53355520000000001       -3.7443082685452232E-002
  0.53380039999999995       -3.7448118227520893E-002
  0.53404560000000001       -3.7453138169377648E-002
  0.53429079999999995       -3.7458143279421319E-002
  0.53453600000000001       -3.7463133074456728E-002
  0.53478119999999996       -3.7468107530514043E-002
  0.53502640000000001       -3.7473066073418083E-002
  0.53527159999999996       -3.7478009809589999E-002
  0.53551680000000002       -3.7482938177149025E-002
  0.53576199999999996       -3.7487850887552236E-002
  0.53600720000000002       -3.7492748313943711E-002
  0.53625239999999996       -3.7497630580843259E-002
  0.53649760000000002       -3.7502497210686499E-002
  0.53674279999999996       -3.7507348407257585E-002
  0.53698800000000002       -3.7512184429763347E-002
  0.53723319999999997       -3.7517005336576287E-002
  0.53747840000000002       -3.7521810093183325E-002
  0.53772359999999997       -3.7526600277277437E-002
  0.53796880000000002       -3.7531374798400040E-002
  0.53821399999999997       -3.7536134146104495E-002
  0.53845920000000003       -3.7540877472574126E-002
  0.53870439999999997       -3.7545606082647315E-002
  0.53894960000000003       -3.7550318865851542E-002
  0.53919479999999997       -3.7555016373773890E-002
  0.53944000000000003       -3.7559698569267136E-002
  0.53968519999999998       -3.7564365321763868E-002
  0.53993040000000003       -3.7569016851815656E-002
  0.54017559999999998       -3.7573653041960205E-002
  0.54042080000000003       -3.7578273625726626E-002
  0.54066599999999998       -3.7582878370858670E-002
  0.54091120000000004       -3.7587468044297627E-002
  0.54115639999999998       -3.7592042544170041E-002
  0.54140160000000004       -3.7596601658730008E-002
  0.54164679999999998       -3.7601145423338887E-002
  0.54189200000000004       -3.7605673384538810E-002
  0.54213719999999999       -3.7610186152394302E-002
  0.54238240000000004       -3.7614683434432583E-002
  0.54262759999999999       -3.7619165345356809E-002
  0.54287280000000004       -3.7623631971547881E-002
  0.54311799999999999       -3.7628083120086073E-002
  0.54336320000000005       -3.7632518754703533E-002
  0.54360839999999999       -3.7636938822485276E-002
  0.54385360000000005       -3.7641343505561004E-002
  0.54409879999999999       -3.7645732739215079E-002
  0.54434399999999994       -3.7650106874795058E-002
  0.54458920000000000       -3.7654465514407341E-002
  0.54483439999999994       -3.7658808537384340E-002
  0.54507960000000000       -3.7663135907277288E-002
  0.54532479999999994       -3.7667448502458165E-002
  0.54557000000000000       -3.7671744637965403E-002
  0.54581519999999994       -3.7676026420097111E-002
  0.54606040000000000       -3.7680292266727214E-002
  0.54630559999999995       -3.7684542512277722E-002
  0.54655080000000000       -3.7688777624720414E-002
  0.54679599999999995       -3.7692996949923403E-002
  0.54704120000000001       -3.7697201237868183E-002
  0.54728639999999995       -3.7701389813956966E-002
  0.54753160000000001       -3.7705563152357804E-002
  0.54777679999999995       -3.7709720917745548E-002
  0.54802200000000001       -3.7713863191824314E-002
  0.54826719999999995       -3.7717989966363955E-002
  0.54851240000000001       -3.7722101217432490E-002
  0.54875759999999996       -3.7726197046409310E-002
  0.54900280000000001       -3.7730277583775965E-002
  0.54924799999999996       -3.7734342578867368E-002
  0.54949320000000001       -3.7738391721759634E-002
  0.54973839999999996       -3.7742426346616183E-002
  0.54998360000000002       -3.7746444487241501E-002
  0.55022879999999996       -3.7750447602954568E-002
  0.55047400000000002       -3.7754435360925501E-002
  0.55071919999999996       -3.7758407654437977E-002
  0.55096440000000002       -3.7762364315528610E-002
  0.55120959999999997       -3.7766305377307872E-002
  0.55145480000000002       -3.7770231368199174E-002
  0.55169999999999997       -3.7774141290147653E-002
  0.55194520000000002       -3.7778035945991981E-002
  0.55219039999999997       -3.7781915385331197E-002
  0.55243560000000003       -3.7785779382653720E-002
  0.55268079999999997       -3.7789627260856912E-002
  0.55292600000000003       -3.7793460383909891E-002
  0.55317119999999997       -3.7797277573385794E-002
  0.55341640000000003       -3.7801079206173191E-002
  0.55366159999999998       -3.7804865656425775E-002
  0.55390680000000003       -3.7808636791143699E-002
  0.55415199999999998       -3.7812391932186273E-002
  0.55439720000000003       -3.7816131366788491E-002
  0.55464239999999998       -3.7819856021535897E-002
  0.55488760000000004       -3.7823565069513981E-002
  0.55513279999999998       -3.7827258076526836E-002
  0.55537800000000004       -3.7830936101409446E-002
  0.55562319999999998       -3.7834598511765440E-002
  0.55586840000000004       -3.7838245311379651E-002
  0.55611359999999999       -3.7841876616934562E-002
  0.55635880000000004       -3.7845492587330269E-002
  0.55660399999999999       -3.7849092808965458E-002
  0.55684920000000004       -3.7852677573741313E-002
  0.55709439999999999       -3.7856246613107700E-002
  0.55733960000000005       -3.7859800322412408E-002
  0.55758479999999999       -3.7863338681034697E-002
  0.55783000000000005       -3.7866861113344794E-002
  0.55807519999999999       -3.7870368517924864E-002
  0.55832039999999994       -3.7873860241055775E-002
  0.55856560000000000       -3.7877336400860065E-002
  0.55881079999999994       -3.7880797034299127E-002
  0.55905600000000000       -3.7884242259789987E-002
  0.55930119999999994       -3.7887671504346909E-002
  0.55954640000000000       -3.7891085731052404E-002
  0.55979159999999994       -3.7894484348045612E-002
  0.56003680000000000       -3.7897867166727890E-002
  0.56028199999999995       -3.7901234668541187E-002
  0.56052720000000000       -3.7904586706392511E-002
  0.56077239999999995       -3.7907923186945233E-002
  0.56101760000000001       -3.7911243858121155E-002
  0.56126279999999995       -3.7914549283746851E-002
  0.56150800000000001       -3.7917838786025143E-002
  0.56175319999999995       -3.7921113300474388E-002
  0.56199840000000001       -3.7924372066027799E-002
  0.56224359999999995       -3.7927615112830000E-002
  0.56248880000000001       -3.7930842882731429E-002
  0.56273399999999996       -3.7934054858565214E-002
  0.56297920000000001       -3.7937251099045458E-002
  0.56322439999999996       -3.7940432087621830E-002
  0.56346960000000001       -3.7943597643730904E-002
  0.56371479999999996       -3.7946747446202127E-002
  0.56396000000000002       -3.7949881711171515E-002
  0.56420519999999996       -3.7953000754248081E-002
  0.56445040000000002       -3.7956104100771638E-002
  0.56469559999999996       -3.7959191712627509E-002
  0.56494080000000002       -3.7962263482468013E-002
  0.56518599999999997       -3.7965320199134851E-002
  0.56543120000000002       -3.7968360953887191E-002
  0.56567639999999997       -3.7971386635229074E-002
  0.56592160000000002       -3.7974396257663696E-002
  0.56616679999999997       -3.7977390684590460E-002
  0.56641200000000003       -3.7980369300675804E-002
  0.56665719999999997       -3.7983332957117234E-002
  0.56690240000000003       -3.7986280146449593E-002
  0.56714759999999997       -3.7989212282639670E-002
  0.56739280000000003       -3.7992128519117659E-002
  0.56763799999999998       -3.7995029620691428E-002
  0.56788320000000003       -3.7997914925491698E-002
  0.56812839999999998       -3.8000784611606143E-002
  0.56837360000000003       -3.8003638916237557E-002
  0.56861879999999998       -3.8006477560530938E-002
  0.56886400000000004       -3.8009300596331771E-002
  0.56910919999999998       -3.8012108205073343E-002
  0.56935440000000004       -3.8014899961460756E-002
  0.56959959999999998       -3.8017676388783644E-002
  0.56984480000000004       -3.8020436838614995E-002
  0.57008999999999999       -3.8023182112098763E-002
  0.57033520000000004       -3.8025911699766678E-002
  0.57058039999999999       -3.8028625751699491E-002
  0.57082560000000004       -3.8031323835076791E-002
  0.57107079999999999       -3.8034006719290539E-002
  0.57131600000000005       -3.8036674114610099E-002
  0.57156119999999999       -3.8039326089983824E-002
  0.57180640000000005       -3.8041961831074333E-002
  0.57205159999999999       -3.8044582450593487E-002
  0.57229679999999994       -3.8047187408581117E-002
  0.57254200000000000       -3.8049776341140422E-002
  0.57278719999999994       -3.8052350381676897E-002
  0.57303240000000000       -3.8054908326097647E-002
  0.57327759999999994       -3.8057450949542285E-002
  0.57352280000000000       -3.8059977660379350E-002
  0.57376799999999994       -3.8062489182427127E-002
  0.57401320000000000       -3.8064984923214799E-002
  0.57425839999999995       -3.8067465273931664E-002
  0.57450360000000000       -3.8069929666751684E-002
  0.57474879999999995       -3.8072378450096762E-002
  0.57499400000000001       -3.8074811616908517E-002
  0.57523919999999995       -3.8077229511705099E-002
  0.57548440000000001       -3.8079631739697896E-002
  0.57572959999999995       -3.8082018189656917E-002
  0.57597480000000001       -3.8084389116432381E-002
  0.57621999999999995       -3.8086744392430059E-002
  0.57646520000000001       -3.8089084197669348E-002
  0.57671039999999996       -3.8091408205583731E-002
  0.57695560000000001       -3.8093716688364025E-002
  0.57720079999999996       -3.8096009693047626E-002
  0.57744600000000001       -3.8098287035370965E-002
  0.57769119999999996       -3.8100548682003417E-002
  0.57793640000000002       -3.8102794648685295E-002
  0.57818159999999996       -3.8105024940069301E-002
  0.57842680000000002       -3.8107239993293955E-002
  0.57867199999999996       -3.8109439348626650E-002
  0.57891720000000002       -3.8111623024246796E-002
  0.57916239999999997       -3.8113790739695924E-002
  0.57940760000000002       -3.8115943333101358E-002
  0.57965279999999997       -3.8118079990633345E-002
  0.57989800000000002       -3.8120200942950287E-002
  0.58014319999999997       -3.8122306577434296E-002
  0.58038840000000003       -3.8124396764683488E-002
  0.58063359999999997       -3.8126470723472458E-002
  0.58087880000000003       -3.8128529412921094E-002
  0.58112399999999997       -3.8130572374570064E-002
  0.58136920000000003       -3.8132600115372457E-002
  0.58161439999999998       -3.8134612045530765E-002
  0.58185960000000003       -3.8136608219584527E-002
  0.58210479999999998       -3.8138588643355627E-002
  0.58235000000000003       -3.8140553365196742E-002
  0.58259519999999998       -3.8142502712342922E-002
  0.58284040000000004       -3.8144436484082736E-002
  0.58308559999999998       -3.8146354674244209E-002
  0.58333080000000004       -3.8148256935071567E-002
  0.58357599999999998       -3.8150143839302549E-002
  0.58382120000000004       -3.8152014990263383E-002
  0.58406639999999999       -3.8153870423776125E-002
  0.58431160000000004       -3.8155710434211967E-002
  0.58455679999999999       -3.8157535059312249E-002
  0.58480200000000004       -3.8159343294137830E-002
  0.58504719999999999       -3.8161136447050180E-002
  0.58529240000000005       -3.8162913709001330E-002
  0.58553759999999999       -3.8164675644724748E-002
  0.58578280000000005       -3.8166421271252339E-002
  0.58602799999999999       -3.8168152047813958E-002
  0.58627319999999994       -3.8169866840064119E-002
  0.58651840000000000       -3.8171566252408688E-002
  0.58676359999999994       -3.8173249778243448E-002
  0.58700880000000000       -3.8174917513328251E-002
  0.58725399999999994       -3.8176569695252939E-002
  0.58749920000000000       -3.8178206333307277E-002
  0.58774439999999994       -3.8179827366843416E-002
  0.58798960000000000       -3.8181432896600240E-002
  0.58823479999999995       -3.8183022586216579E-002
  0.58848000000000000       -3.8184596664257768E-002
  0.58872519999999995       -3.8186155128390332E-002
  0.58897040000000001       -3.8187697895732377E-002
  0.58921559999999995       -3.8189224975132607E-002
  0.58946080000000001       -3.8190736355592704E-002
  0.58970599999999995       -3.8192232289950979E-002
  0.58995120000000001       -3.8193712501678287E-002
  0.59019639999999995       -3.8195177233478858E-002
  0.59044160000000001       -3.8196626194571606E-002
  0.59068679999999996       -3.8198059164205406E-002
  0.59093200000000001       -3.8199477235377685E-002
  0.59117719999999996       -3.8200878927773380E-002
  0.59142240000000001       -3.8202265236720330E-002
  0.59166759999999996       -3.8203636146446909E-002
  0.59191280000000002       -3.8204991051799295E-002
  0.59215799999999996       -3.8206330518829310E-002
  0.59240320000000002       -3.8207654185287897E-002
  0.59264839999999996       -3.8208962432571887E-002
  0.59289360000000002       -3.8210254908620699E-002
  0.59313879999999997       -3.8211531505954965E-002
  0.59338400000000002       -3.8212792745665018E-002
  0.59362919999999997       -3.8214038001086352E-002
  0.59387440000000002       -3.8215267971281761E-002
  0.59411959999999997       -3.8216482081974576E-002
  0.59436480000000003       -3.8217680377117536E-002
  0.59460999999999997       -3.8218863432990725E-002
  0.59485520000000003       -3.8220030558340640E-002
  0.59510039999999997       -3.8221182164443826E-002
  0.59534560000000003       -3.8222318132485306E-002
  0.59559079999999998       -3.8223438298359662E-002
  0.59583600000000003       -3.8224543132129425E-002
  0.59608119999999998       -3.8225631947622844E-002
  0.59632640000000003       -3.8226705113389478E-002
  0.59657159999999998       -3.8227762705364050E-002
  0.59681680000000004       -3.8228804734001934E-002
  0.59706199999999998       -3.8229830760327724E-002
  0.59730720000000004       -3.8230841754772253E-002
  0.59755239999999998       -3.8231836383214438E-002
  0.59779760000000004       -3.8232816029970862E-002
  0.59804279999999999       -3.8233779604584961E-002
  0.59828800000000004       -3.8234727680433470E-002
  0.59853319999999999       -3.8235659914256231E-002
  0.59877840000000004       -3.8236576580917732E-002
  0.59902359999999999       -3.8237477486466109E-002
  0.59926880000000005       -3.8238362931231604E-002
  0.59951399999999999       -3.8239232530228984E-002
  0.59975920000000005       -3.8240086798983101E-002
  0.60000439999999999       -3.8240924857544566E-002
  0.60024959999999994       -3.8241747723358074E-002
  0.60049480000000000       -3.8242554514437643E-002
  0.60073999999999994       -3.8243346030203920E-002
  0.60098520000000000       -3.8244121699541750E-002
  0.60123039999999994       -3.8244881900128244E-002
  0.60147560000000000       -3.8245626241161679E-002
  0.60172079999999994       -3.8246354508692099E-002
  0.60196600000000000       -3.8247067654393119E-002
  0.60221119999999995       -3.8247765321857516E-002
  0.60245640000000000       -3.8248447001793348E-002
  0.60270159999999995       -3.8249112945813485E-002
  0.60294680000000000       -3.8249763296561427E-002
  0.60319199999999995       -3.8250398142612489E-002
  0.60343720000000001       -3.8251017101451103E-002
  0.60368239999999995       -3.8251620465877233E-002
  0.60392760000000001       -3.8252207969053043E-002
  0.60417279999999995       -3.8252780464798151E-002
  0.60441800000000001       -3.8253336740138894E-002
  0.60466319999999996       -3.8253877214486857E-002
  0.60490840000000001       -3.8254402615910156E-002
  0.60515359999999996       -3.8254911713625321E-002
  0.60539880000000001       -3.8255405295735692E-002
  0.60564399999999996       -3.8255883504536611E-002
  0.60588920000000002       -3.8256345897499558E-002
  0.60613439999999996       -3.8256792636800714E-002
  0.60637960000000002       -3.8257223845885320E-002
  0.60662479999999996       -3.8257639076844874E-002
  0.60687000000000002       -3.8258038681915914E-002
  0.60711519999999997       -3.8258422774416226E-002
  0.60736040000000002       -3.8258791104070829E-002
  0.60760559999999997       -3.8259143871488439E-002
  0.60785080000000002       -3.8259480710010334E-002
  0.60809599999999997       -3.8259802223754399E-002
  0.60834120000000003       -3.8260107774002093E-002
  0.60858639999999997       -3.8260397550649687E-002
  0.60883160000000003       -3.8260672407691855E-002
  0.60907679999999997       -3.8260930658356521E-002
  0.60932200000000003       -3.8261174004674645E-002
  0.60956719999999998       -3.8261401098096948E-002
  0.60981240000000003       -3.8261612750792574E-002
  0.61005759999999998       -3.8261808708322943E-002
  0.61030280000000003       -3.8261988872541237E-002
  0.61054799999999998       -3.8262153710358501E-002
  0.61079320000000004       -3.8262302531882390E-002
  0.61103839999999998       -3.8262435879409071E-002
  0.61128360000000004       -3.8262553486573044E-002
  0.61152879999999998       -3.8262655313088659E-002
  0.61177400000000004       -3.8262741813002162E-002
  0.61201919999999999       -3.8262812276162524E-002
  0.61226440000000004       -3.8262867451264441E-002
  0.61250959999999999       -3.8262906504170725E-002
  0.61275480000000004       -3.8262930109760715E-002
  0.61299999999999999       -3.8262937997425008E-002
  0.61324520000000005       -3.8262930438921525E-002
  0.61349039999999999       -3.8262906700625286E-002
  0.61373560000000005       -3.8262867953023236E-002
  0.61398079999999999       -3.8262813115953045E-002
  0.61422599999999994       -3.8262742740360386E-002
  0.61447120000000000       -3.8262656638552620E-002
  0.61471639999999994       -3.8262554851793890E-002
  0.61496160000000000       -3.8262437515751896E-002
  0.61520679999999994       -3.8262304460912597E-002
  0.61545200000000000       -3.8262155489617783E-002
  0.61569719999999994       -3.8261990831809208E-002
  0.61594240000000000       -3.8261810780572628E-002
  0.61618759999999995       -3.8261615000619129E-002
  0.61643280000000000       -3.8261403600831904E-002
  0.61667799999999995       -3.8261176410967462E-002
  0.61692320000000000       -3.8260933607418293E-002
  0.61716839999999995       -3.8260675247901506E-002
  0.61741360000000001       -3.8260400991000469E-002
  0.61765879999999995       -3.8260111315899716E-002
  0.61790400000000001       -3.8259805839556210E-002
  0.61814919999999995       -3.8259484651528120E-002
  0.61839440000000001       -3.8259147454329331E-002
  0.61863959999999996       -3.8258795212898968E-002
  0.61888480000000001       -3.8258426945534267E-002
  0.61912999999999996       -3.8258042941067702E-002
  0.61937520000000001       -3.8257643689078212E-002
  0.61962039999999996       -3.8257228591723418E-002
  0.61986560000000002       -3.8256797494410258E-002
  0.62011079999999996       -3.8256351046649630E-002
  0.62035600000000002       -3.8255888950877288E-002
  0.62060119999999996       -3.8255410971744334E-002
  0.62084640000000002       -3.8254917349679174E-002
  0.62109159999999997       -3.8254408195174956E-002
  0.62133680000000002       -3.8253883389801645E-002
  0.62158199999999997       -3.8253342938443326E-002
  0.62182720000000002       -3.8252786538938495E-002
  0.62207239999999997       -3.8252215036417694E-002
  0.62231760000000003       -3.8251627031385751E-002
  0.62256279999999997       -3.8251024162967280E-002
  0.62280800000000003       -3.8250405444094839E-002
  0.62305319999999997       -3.8249770633498464E-002
  0.62329840000000003       -3.8249120409192851E-002
  0.62354359999999998       -3.8248454571402302E-002
  0.62378880000000003       -3.8247773175446455E-002
  0.62403399999999998       -3.8247075685655295E-002
  0.62427920000000003       -3.8246363012023617E-002
  0.62452439999999998       -3.8245634345848649E-002
  0.62476960000000004       -3.8244890303993223E-002
  0.62501479999999998       -3.8244130470017880E-002
  0.62526000000000004       -3.8243354787773909E-002
  0.62550519999999998       -3.8242563657282631E-002
  0.62575040000000004       -3.8241757014911573E-002
  0.62599559999999999       -3.8240934224012632E-002
  0.62624080000000004       -3.8240096324084871E-002
  0.62648599999999999       -3.8239242231437050E-002
  0.62673120000000004       -3.8238373035851626E-002
  0.62697639999999999       -3.8237487486988936E-002
  0.62722160000000005       -3.8236586877998746E-002
  0.62746679999999999       -3.8235670499052132E-002
  0.62771200000000005       -3.8234738113373690E-002
  0.62795719999999999       -3.8233790348464011E-002
  0.62820239999999994       -3.8232826864791153E-002
  0.62844760000000000       -3.8231847773524279E-002
  0.62869279999999994       -3.8230852802008108E-002
  0.62893800000000000       -3.8229842431670304E-002
  0.62918319999999994       -3.8228816361882953E-002
  0.62942840000000000       -3.8227774569567836E-002
  0.62967359999999994       -3.8226717258224734E-002
  0.62991880000000000       -3.8225644216235359E-002
  0.63016399999999995       -3.8224555248974855E-002
  0.63040920000000000       -3.8223450932283236E-002
  0.63065439999999995       -3.8222330884947357E-002
  0.63089960000000000       -3.8221195064241237E-002
  0.63114479999999995       -3.8220043925434773E-002
  0.63139000000000001       -3.8218876668864886E-002
  0.63163519999999995       -3.8217694061792165E-002
  0.63188040000000001       -3.8216495711632929E-002
  0.63212559999999995       -3.8215281888955954E-002
  0.63237080000000001       -3.8214052039191281E-002
  0.63261599999999996       -3.8212806799860236E-002
  0.63286120000000001       -3.8211545949460732E-002
  0.63310639999999996       -3.8210269258357570E-002
  0.63335160000000001       -3.8208976939255124E-002
  0.63359679999999996       -3.8207669061422707E-002
  0.63384200000000002       -3.8206345571588696E-002
  0.63408719999999996       -3.8205006264807093E-002
  0.63433240000000002       -3.8203651357606665E-002
  0.63457759999999996       -3.8202280798053052E-002
  0.63482280000000002       -3.8200894794163845E-002
  0.63506799999999997       -3.8199493102578690E-002
  0.63531320000000002       -3.8198075604907102E-002
  0.63555839999999997       -3.8196642162992581E-002
  0.63580360000000002       -3.8195193547881985E-002
  0.63604879999999997       -3.8193729338605292E-002
  0.63629400000000003       -3.8192249227886457E-002
  0.63653919999999997       -3.8190753323596047E-002
  0.63678440000000003       -3.8189242220641038E-002
  0.63702959999999997       -3.8187715146186574E-002
  0.63727480000000003       -3.8186172388325383E-002
  0.63751999999999998       -3.8184614327485898E-002
  0.63776520000000003       -3.8183040283968517E-002
  0.63801039999999998       -3.8181450792826151E-002
  0.63825560000000003       -3.8179845727418664E-002
  0.63850079999999998       -3.8178224946501020E-002
  0.63874600000000004       -3.8176588607294545E-002
  0.63899119999999998       -3.8174936261957282E-002
  0.63923640000000004       -3.8173268324057666E-002
  0.63948159999999998       -3.8171585352453893E-002
  0.63972680000000004       -3.8169886048091996E-002
  0.63997199999999999       -3.8168171500402810E-002
  0.64021720000000004       -3.8166441138605581E-002
  0.64046239999999999       -3.8164695446863822E-002
  0.64070760000000004       -3.8162933745813102E-002
  0.64095279999999999       -3.8161156447059537E-002
  0.64119800000000005       -3.8159363727758973E-002
  0.64144319999999999       -3.8157555035505865E-002
  0.64168839999999994       -3.8155731032946186E-002
  0.64193359999999999       -3.8153891349305705E-002
  0.64217879999999994       -3.8152035925557909E-002
  0.64242400000000000       -3.8150164953002927E-002
  0.64266919999999994       -3.8148278275941111E-002
  0.64291440000000000       -3.8146375975713812E-002
  0.64315959999999994       -3.8144458279894995E-002
  0.64340480000000000       -3.8142524546691446E-002
  0.64364999999999994       -3.8140575796046475E-002
  0.64389520000000000       -3.8138610746336503E-002
  0.64414039999999995       -3.8136630465261744E-002
  0.64438560000000000       -3.8134634410516864E-002
  0.64463079999999995       -3.8132622677084373E-002
  0.64487600000000000       -3.8130595369590542E-002
  0.64512119999999995       -3.8128552699981125E-002
  0.64536640000000001       -3.8126494172297576E-002
  0.64561159999999995       -3.8124420000472684E-002
  0.64585680000000001       -3.8122330382480668E-002
  0.64610199999999995       -3.8120224918156795E-002
  0.64634720000000001       -3.8118104140969410E-002
  0.64659239999999996       -3.8115967355195290E-002
  0.64683760000000001       -3.8113815236242229E-002
  0.64708279999999996       -3.8111647517223492E-002
  0.64732800000000001       -3.8109463887752243E-002
  0.64757319999999996       -3.8107264732988214E-002
  0.64781840000000002       -3.8105049965854065E-002
  0.64806359999999996       -3.8102819878172392E-002
  0.64830880000000002       -3.8100573952418150E-002
  0.64855399999999996       -3.8098312474787677E-002
  0.64879920000000002       -3.8096035221616795E-002
  0.64904439999999997       -3.8093742891899200E-002
  0.64928960000000002       -3.8091434272357012E-002
  0.64953479999999997       -3.8089110258029170E-002
  0.64978000000000002       -3.8086770921778694E-002
  0.65002519999999997       -3.8084415817432549E-002
  0.65027040000000003       -3.8082044821934398E-002
  0.65051559999999997       -3.8079658405767353E-002
  0.65076080000000003       -3.8077256598768885E-002
  0.65100599999999997       -3.8074839080465619E-002
  0.65125120000000003       -3.8072405759624062E-002
  0.65149639999999998       -3.8069957088671273E-002
  0.65174160000000003       -3.8067492751691696E-002
  0.65198679999999998       -3.8065012902225512E-002
  0.65223200000000003       -3.8062517258141831E-002
  0.65247719999999998       -3.8060006016925031E-002
  0.65272240000000004       -3.8057479481367958E-002
  0.65296759999999998       -3.8054937092658218E-002
  0.65321280000000004       -3.8052378893516446E-002
  0.65345799999999998       -3.8049805366487770E-002
  0.65370320000000004       -3.8047216146812862E-002
  0.65394839999999999       -3.8044611761133280E-002
  0.65419360000000004       -3.8041991299063493E-002
  0.65443879999999999       -3.8039355498792407E-002
  0.65468400000000004       -3.8036704039329350E-002
  0.65492919999999999       -3.8034036755419873E-002
  0.65517440000000005       -3.8031354318426920E-002
  0.65541959999999999       -3.8028655986184663E-002
  0.65566479999999994       -3.8025942201838810E-002
  0.65590999999999999       -3.8023212505091476E-002
  0.65615519999999994       -3.8020467814590307E-002
  0.65640039999999999       -3.8017707033153963E-002
  0.65664559999999994       -3.8014930938942815E-002
  0.65689080000000000       -3.8012139403089742E-002
  0.65713599999999994       -3.8009332023112699E-002
  0.65738120000000000       -3.8006509203741254E-002
  0.65762639999999994       -3.8003670812245566E-002
  0.65787160000000000       -3.8000816752417822E-002
  0.65811679999999995       -3.7997947247635118E-002
  0.65836200000000000       -3.7995061802938671E-002
  0.65860719999999995       -3.7992161337057809E-002
  0.65885240000000000       -3.7989244882881537E-002
  0.65909759999999995       -3.7986313032352698E-002
  0.65934280000000001       -3.7983365563461692E-002
  0.65958799999999995       -3.7980402442915930E-002
  0.65983320000000001       -3.7977424043514098E-002
  0.66007839999999995       -3.7974429867440131E-002
  0.66032360000000001       -3.7971420250982137E-002
  0.66056879999999996       -3.7968394958899233E-002
  0.66081400000000001       -3.7965354172015069E-002
  0.66105919999999996       -3.7962297781561037E-002
  0.66130440000000001       -3.7959225576286316E-002
  0.66154959999999996       -3.7956138403940465E-002
  0.66179480000000002       -3.7953035246979586E-002
  0.66203999999999996       -3.7949916723844679E-002
  0.66228520000000002       -3.7946782615944100E-002
  0.66253039999999996       -3.7943632869285142E-002
  0.66277560000000002       -3.7940467569341947E-002
  0.66302079999999997       -3.7937286736689897E-002
  0.66326600000000002       -3.7934090255017060E-002
  0.66351119999999997       -3.7930878551628057E-002
  0.66375640000000002       -3.7927651203622799E-002
  0.66400159999999997       -3.7924408137802061E-002
  0.66424680000000003       -3.7921149301802265E-002
  0.66449199999999997       -3.7917875369836068E-002
  0.66473720000000003       -3.7914585991325016E-002
  0.66498239999999997       -3.7911280692051970E-002
  0.66522760000000003       -3.7907959978817220E-002
  0.66547279999999998       -3.7904623774526511E-002
  0.66571800000000003       -3.7901272066326888E-002
  0.66596319999999998       -3.7897904695502714E-002
  0.66620840000000003       -3.7894521919760074E-002
  0.66645359999999998       -3.7891123694427771E-002
  0.66669880000000004       -3.7887709882180862E-002
  0.66694399999999998       -3.7884280494942135E-002
  0.66718920000000004       -3.7880835395165798E-002
  0.66743439999999998       -3.7877374716608250E-002
  0.66767960000000004       -3.7873898962373753E-002
  0.66792479999999999       -3.7870407383296285E-002
  0.66817000000000004       -3.7866900537893496E-002
  0.66841519999999999       -3.7863377837273345E-002
  0.66866040000000004       -3.7859839865573071E-002
  0.66890559999999999       -3.7856286229628201E-002
  0.66915080000000005       -3.7852717185473728E-002
  0.66939599999999999       -3.7849132433390664E-002
  0.66964119999999994       -3.7845532355115584E-002
  0.66988639999999999       -3.7841916661702925E-002
  0.67013159999999994       -3.7838285557318413E-002
  0.67037679999999999       -3.7834638926494614E-002
  0.67062199999999994       -3.7830976626735333E-002
  0.67086720000000000       -3.7827299060772840E-002
  0.67111239999999994       -3.7823605916475253E-002
  0.67135760000000000       -3.7819897292752258E-002
  0.67160279999999994       -3.7816173017747062E-002
  0.67184800000000000       -3.7812433395164671E-002
  0.67209319999999995       -3.7808678207283217E-002
  0.67233840000000000       -3.7804907479460331E-002
  0.67258359999999995       -3.7801121322157683E-002
  0.67282880000000000       -3.7797319715985198E-002
  0.67307399999999995       -3.7793502352569126E-002
  0.67331920000000001       -3.7789669901561865E-002
  0.67356439999999995       -3.7785821632126251E-002
  0.67380960000000001       -3.7781958048753179E-002
  0.67405479999999995       -3.7778078931523344E-002
  0.67430000000000001       -3.7774184756366416E-002
  0.67454519999999996       -3.7770274258182822E-002
  0.67479040000000001       -3.7766348779673595E-002
  0.67503559999999996       -3.7762407973096275E-002
  0.67528080000000001       -3.7758451482539195E-002
  0.67552599999999996       -3.7754479314753314E-002
  0.67577120000000002       -3.7750491663818379E-002
  0.67601639999999996       -3.7746489048347612E-002
  0.67626160000000002       -3.7742470597172763E-002
  0.67650679999999996       -3.7738436500708843E-002
  0.67675200000000002       -3.7734387335350457E-002
  0.67699719999999997       -3.7730322337909863E-002
  0.67724240000000002       -3.7726242172979700E-002
  0.67748759999999997       -3.7722146630988558E-002
  0.67773280000000002       -3.7718035429484938E-002
  0.67797799999999997       -3.7713908671697785E-002
  0.67822320000000003       -3.7709766540678251E-002
  0.67846839999999997       -3.7705608909755467E-002
  0.67871360000000003       -3.7701435719256673E-002
  0.67895879999999997       -3.7697247371169799E-002
  0.67920400000000003       -3.7693043374037422E-002
  0.67944919999999998       -3.7688824212330843E-002
  0.67969440000000003       -3.7684589199377679E-002
  0.67993959999999998       -3.7680339072350834E-002
  0.68018480000000003       -3.7676073203120213E-002
  0.68042999999999998       -3.7671792157026041E-002
  0.68067520000000004       -3.7667495328086491E-002
  0.68092039999999998       -3.7663183556933107E-002
  0.68116560000000004       -3.7658856030391791E-002
  0.68141079999999998       -3.7654512945269898E-002
  0.68165600000000004       -3.7650154800277856E-002
  0.68190119999999999       -3.7645781031021522E-002
  0.68214640000000004       -3.7641391808885587E-002
  0.68239159999999999       -3.7636987157062256E-002
  0.68263680000000004       -3.7632567052087569E-002
  0.68288199999999999       -3.7628131522881358E-002
  0.68312720000000005       -3.7623680719810440E-002
  0.68337239999999999       -3.7619214390634897E-002
  0.68361759999999994       -3.7614732584988965E-002
  0.68386279999999999       -3.7610235458590616E-002
  0.68410799999999994       -3.7605722926148687E-002
  0.68435319999999999       -3.7601194933457073E-002
  0.68459839999999994       -3.7596651524858346E-002
  0.68484360000000000       -3.7592092639835088E-002
  0.68508879999999994       -3.7587518429448200E-002
  0.68533400000000000       -3.7582928704441999E-002
  0.68557919999999994       -3.7578323765413250E-002
  0.68582440000000000       -3.7573703367616777E-002
  0.68606959999999995       -3.7569067595062636E-002
  0.68631480000000000       -3.7564416204562662E-002
  0.68655999999999995       -3.7559749632107807E-002
  0.68680520000000000       -3.7555067502548473E-002
  0.68705039999999995       -3.7550370218011005E-002
  0.68729560000000001       -3.7545657503814653E-002
  0.68754079999999995       -3.7540929384284029E-002
  0.68778600000000001       -3.7536185677080079E-002
  0.68803119999999995       -3.7531426865224565E-002
  0.68827640000000001       -3.7526652322320636E-002
  0.68852159999999996       -3.7521862740568318E-002
  0.68876680000000001       -3.7517057545607753E-002
  0.68901199999999996       -3.7512236973302408E-002
  0.68925720000000001       -3.7507401294303896E-002
  0.68950239999999996       -3.7502549866695878E-002
  0.68974760000000002       -3.7497683501282721E-002
  0.68999279999999996       -3.7492801357273557E-002
  0.69023800000000002       -3.7487904120570674E-002
  0.69048319999999996       -3.7482991446197746E-002
  0.69072840000000002       -3.7478063301030658E-002
  0.69097359999999997       -3.7473119962698587E-002
  0.69121880000000002       -3.7468161294931954E-002
  0.69146399999999997       -3.7463187018066613E-002
  0.69170920000000002       -3.7458197478338374E-002
  0.69195439999999997       -3.7453192878828458E-002
  0.69219960000000003       -3.7448172674526006E-002
  0.69244479999999997       -3.7443137124222516E-002
  0.69269000000000003       -3.7438086372930057E-002
  0.69293519999999997       -3.7433020062293487E-002
  0.69318040000000003       -3.7427938454138464E-002
  0.69342559999999998       -3.7422841512209148E-002
  0.69367080000000003       -3.7417729407820823E-002
  0.69391599999999998       -3.7412601924950988E-002
  0.69416120000000003       -3.7407459003752419E-002
  0.69440639999999998       -3.7402300897277342E-002
  0.69465160000000004       -3.7397127201181796E-002
  0.69489679999999998       -3.7391938316132474E-002
  0.69514200000000004       -3.7386734122268270E-002
  0.69538719999999998       -3.7381514585674756E-002
  0.69563240000000004       -3.7376279915733057E-002
  0.69587759999999999       -3.7371029658703418E-002
  0.69612280000000004       -3.7365764258986689E-002
  0.69636799999999999       -3.7360483484268812E-002
  0.69661320000000004       -3.7355187494538429E-002
  0.69685839999999999       -3.7349875857081702E-002
  0.69710360000000005       -3.7344549382133573E-002
  0.69734879999999999       -3.7339207353547565E-002
  0.69759399999999994       -3.7333850062191976E-002
  0.69783919999999999       -3.7328477238868972E-002
  0.69808439999999994       -3.7323089778112023E-002
  0.69832959999999999       -3.7317686506596198E-002
  0.69857479999999994       -3.7312267866153617E-002
  0.69882000000000000       -3.7306834173654567E-002
  0.69906519999999994       -3.7301385205709171E-002
  0.69931040000000000       -3.7295920807668678E-002
  0.69955559999999994       -3.7290441423490257E-002
  0.69980080000000000       -3.7284946347430140E-002
  0.70004599999999995       -3.7279435995107343E-002
  0.70029120000000000       -3.7273910877477827E-002
  0.70053639999999995       -3.7268370035559974E-002
  0.70078160000000000       -3.7262814122070678E-002
  0.70102679999999995       -3.7257242772202381E-002
  0.70127200000000001       -3.7251656421192651E-002
  0.70151719999999995       -3.7246054668668115E-002
  0.70176240000000001       -3.7240437606991215E-002
  0.70200759999999995       -3.7234805388820728E-002
  0.70225280000000001       -3.7229157851778188E-002
  0.70249799999999996       -3.7223495164662564E-002
  0.70274320000000001       -3.7217816930048428E-002
  0.70298839999999996       -3.7212123933258831E-002
  0.70323360000000001       -3.7206415169283504E-002
  0.70347879999999996       -3.7200691432698225E-002
  0.70372400000000002       -3.7194952457488106E-002
  0.70396919999999996       -3.7189198200086676E-002
  0.70421440000000002       -3.7183428759833589E-002
  0.70445959999999996       -3.7177644043711683E-002
  0.70470480000000002       -3.7171844146212857E-002
  0.70494999999999997       -3.7166028906963633E-002
  0.70519520000000002       -3.7160198509904603E-002
  0.70544039999999997       -3.7154353040935929E-002
  0.70568560000000002       -3.7148492226883253E-002
  0.70593079999999997       -3.7142616247523103E-002
  0.70617600000000003       -3.7136724879703042E-002
  0.70642119999999997       -3.7130818603330847E-002
  0.70666640000000003       -3.7124896920112720E-002
  0.70691159999999997       -3.7118960011382929E-002
  0.70715680000000003       -3.7113007886115990E-002
  0.70740199999999998       -3.7107040814224300E-002
  0.70764720000000003       -3.7101058201629858E-002
  0.70789239999999998       -3.7095060438733077E-002
  0.70813760000000003       -3.7089047635410412E-002
  0.70838279999999998       -3.7083019656191797E-002
  0.70862800000000004       -3.7076976465181669E-002
  0.70887319999999998       -3.7070917960609219E-002
  0.70911840000000004       -3.7064844487077239E-002
  0.70936359999999998       -3.7058755542593254E-002
  0.70960880000000004       -3.7052651668046964E-002
  0.70985399999999998       -3.7046532596406376E-002
  0.71009920000000004       -3.7040398359499897E-002
  0.71034439999999999       -3.7034248928041115E-002
  0.71058960000000004       -3.7028084173758573E-002
  0.71083479999999999       -3.7021904569898081E-002
  0.71108000000000005       -3.7015709468416452E-002
  0.71132519999999999       -3.7009499538744231E-002
  0.71157039999999994       -3.7003274319008822E-002
  0.71181559999999999       -3.6997033828843770E-002
  0.71206079999999994       -3.6990778246043930E-002
  0.71230599999999999       -3.6984507581546540E-002
  0.71255119999999994       -3.6978221763035751E-002
  0.71279640000000000       -3.6971920748575096E-002
  0.71304159999999994       -3.6965604608512330E-002
  0.71328680000000000       -3.6959273640954436E-002
  0.71353199999999994       -3.6952927177837554E-002
  0.71377720000000000       -3.6946565615950611E-002
  0.71402239999999995       -3.6940188993893543E-002
  0.71426760000000000       -3.6933797295065594E-002
  0.71451279999999995       -3.6927390321891358E-002
  0.71475800000000000       -3.6920968438698597E-002
  0.71500319999999995       -3.6914531204692888E-002
  0.71524840000000001       -3.6908079239105121E-002
  0.71549359999999995       -3.6901611857573041E-002
  0.71573880000000001       -3.6895129351412065E-002
  0.71598399999999995       -3.6888631916850330E-002
  0.71622920000000001       -3.6882119333302155E-002
  0.71647439999999996       -3.6875591729153223E-002
  0.71671960000000001       -3.6869048860797789E-002
  0.71696479999999996       -3.6862490871095763E-002
  0.71721000000000001       -3.6855917994835785E-002
  0.71745519999999996       -3.6849329901725819E-002
  0.71770040000000002       -3.6842726749516108E-002
  0.71794559999999996       -3.6836108572191259E-002
  0.71819080000000002       -3.6829475456766556E-002
  0.71843599999999996       -3.6822826842867473E-002
  0.71868120000000002       -3.6816163583126477E-002
  0.71892639999999997       -3.6809485045463101E-002
  0.71917160000000002       -3.6802791541822567E-002
  0.71941679999999997       -3.6796082993508616E-002
  0.71966200000000002       -3.6789359267371077E-002
  0.71990719999999997       -3.6782620465354278E-002
  0.72015240000000003       -3.6775866891562363E-002
  0.72039759999999997       -3.6769098071918874E-002
  0.72064280000000003       -3.6762314133090612E-002
  0.72088799999999997       -3.6755515268647579E-002
  0.72113320000000003       -3.6748701421055081E-002
  0.72137839999999998       -3.6741872427960537E-002
  0.72162360000000003       -3.6735028394928405E-002
  0.72186879999999998       -3.6728169395885385E-002
  0.72211400000000003       -3.6721295334360290E-002
  0.72235919999999998       -3.6714406395798441E-002
  0.72260440000000004       -3.6707502293927281E-002
  0.72284959999999998       -3.6700583092155639E-002
  0.72309480000000004       -3.6693649177766068E-002
  0.72333999999999998       -3.6686699980995739E-002
  0.72358520000000004       -3.6679735925049251E-002
  0.72383039999999998       -3.6672756711535824E-002
  0.72407560000000004       -3.6665762545302724E-002
  0.72432079999999999       -3.6658753481714892E-002
  0.72456600000000004       -3.6651729442136169E-002
  0.72481119999999999       -3.6644690376107104E-002
  0.72505640000000005       -3.6637636370287989E-002
  0.72530159999999999       -3.6630567308431547E-002
  0.72554679999999994       -3.6623483277145610E-002
  0.72579199999999999       -3.6616384290868158E-002
  0.72603719999999994       -3.6609270316969089E-002
  0.72628239999999999       -3.6602141374003569E-002
  0.72652759999999994       -3.6594997577927599E-002
  0.72677280000000000       -3.6587838651521022E-002
  0.72701799999999994       -3.6580664822368943E-002
  0.72726320000000000       -3.6573475969235415E-002
  0.72750839999999994       -3.6566272319694337E-002
  0.72775360000000000       -3.6559053644568178E-002
  0.72799879999999995       -3.6551820045173933E-002
  0.72824400000000000       -3.6544571439961072E-002
  0.72848919999999995       -3.6537308079292286E-002
  0.72873440000000000       -3.6530029538417823E-002
  0.72897959999999995       -3.6522736283348560E-002
  0.72922480000000001       -3.6515428014933828E-002
  0.72946999999999995       -3.6508104838904494E-002
  0.72971520000000001       -3.6500766679105089E-002
  0.72996039999999995       -3.6493413624448412E-002
  0.73020560000000001       -3.6486045624679962E-002
  0.73045079999999996       -3.6478662775942826E-002
  0.73069600000000001       -3.6471264971845163E-002
  0.73094119999999996       -3.6463852453898236E-002
  0.73118640000000001       -3.6456424828060247E-002
  0.73143159999999996       -3.6448982353941770E-002
  0.73167680000000002       -3.6441524936296779E-002
  0.73192199999999996       -3.6434052733453258E-002
  0.73216720000000002       -3.6426565680674809E-002
  0.73241239999999996       -3.6419063642440970E-002
  0.73265760000000002       -3.6411546774936417E-002
  0.73290279999999997       -3.6404015055778477E-002
  0.73314800000000002       -3.6396468391277199E-002
  0.73339319999999997       -3.6388906905066104E-002
  0.73363840000000002       -3.6381330560622073E-002
  0.73388359999999997       -3.6373739366718186E-002
  0.73412880000000003       -3.6366133268855017E-002
  0.73437399999999997       -3.6358512498806998E-002
  0.73461920000000003       -3.6350876555401396E-002
  0.73486439999999997       -3.6343226024841829E-002
  0.73510960000000003       -3.6335560493443102E-002
  0.73535479999999998       -3.6327880263228481E-002
  0.73560000000000003       -3.6320185122921941E-002
  0.73584519999999998       -3.6312475234925645E-002
  0.73609040000000003       -3.6304750318795626E-002
  0.73633559999999998       -3.6297010768482359E-002
  0.73658080000000004       -3.6289256347247695E-002
  0.73682599999999998       -3.6281487110202973E-002
  0.73707120000000004       -3.6273703073332546E-002
  0.73731639999999998       -3.6265904251677410E-002
  0.73756160000000004       -3.6258090731024338E-002
  0.73780679999999998       -3.6250262108609523E-002
  0.73805200000000004       -3.6242419009594150E-002
  0.73829719999999999       -3.6234560894323635E-002
  0.73854240000000004       -3.6226688106934461E-002
  0.73878759999999999       -3.6218800499683200E-002
  0.73903280000000005       -3.6210897992390224E-002
  0.73927799999999999       -3.6202980902176829E-002
  0.73952319999999994       -3.6195048973182965E-002
  0.73976839999999999       -3.6187102438297786E-002
  0.74001359999999994       -3.6179140678443369E-002
  0.74025879999999999       -3.6171164616073836E-002
  0.74050399999999994       -3.6163173685708372E-002
  0.74074920000000000       -3.6155167928066792E-002
  0.74099439999999994       -3.6147147445532865E-002
  0.74123960000000000       -3.6139112156405910E-002
  0.74148479999999994       -3.6131062331110582E-002
  0.74173000000000000       -3.6122997469192585E-002
  0.74197519999999995       -3.6114918079988484E-002
  0.74222040000000000       -3.6106823883055278E-002
  0.74246559999999995       -3.6098715047192143E-002
  0.74271080000000000       -3.6090591418773924E-002
  0.74295599999999995       -3.6082452963420893E-002
  0.74320120000000001       -3.6074300048137851E-002
  0.74344639999999995       -3.6066132101986413E-002
  0.74369160000000001       -3.6057949740850602E-002
  0.74393679999999995       -3.6049752571985325E-002
  0.74418200000000001       -3.6041540784809541E-002
  0.74442719999999996       -3.6033314346968374E-002
  0.74467240000000001       -3.6025072844995232E-002
  0.74491759999999996       -3.6016817069914830E-002
  0.74516280000000001       -3.6008546341736933E-002
  0.74540799999999996       -3.6000261180786183E-002
  0.74565320000000002       -3.5991961213531570E-002
  0.74589839999999996       -3.5983646696345802E-002
  0.74614360000000002       -3.5975317268751937E-002
  0.74638879999999996       -3.5966973331768688E-002
  0.74663400000000002       -3.5958614706939826E-002
  0.74687919999999997       -3.5950241462247561E-002
  0.74712440000000002       -3.5941853511022713E-002
  0.74736959999999997       -3.5933451041607820E-002
  0.74761480000000002       -3.5925033869953195E-002
  0.74785999999999997       -3.5916602015830863E-002
  0.74810520000000003       -3.5908155530177496E-002
  0.74835039999999997       -3.5899694508070061E-002
  0.74859560000000003       -3.5891218616679751E-002
  0.74884079999999997       -3.5882728382698056E-002
  0.74908600000000003       -3.5874223419745971E-002
  0.74933119999999998       -3.5865703939427798E-002
  0.74957640000000003       -3.5857169719847780E-002
  0.74982159999999998       -3.5848621010318660E-002
  0.75006680000000003       -3.5840057575769968E-002
  0.75031199999999998       -3.5831479710976014E-002
  0.75055720000000004       -3.5822887123370672E-002
  0.75080239999999998       -3.5814280066440836E-002
  0.75104760000000004       -3.5805658326890186E-002
  0.75129279999999998       -3.5797022007052599E-002
  0.75153800000000004       -3.5788371189959763E-002
  0.75178319999999998       -3.5779705811801003E-002
  0.75202840000000004       -3.5771025729954359E-002
  0.75227359999999999       -3.5762331222862292E-002
  0.75251880000000004       -3.5753622226393118E-002
  0.75276399999999999       -3.5744898561907497E-002
  0.75300920000000005       -3.5736160348486701E-002
  0.75325439999999999       -3.5727407645848565E-002
  0.75349959999999994       -3.5718640360887954E-002
  0.75374479999999999       -3.5709858414580735E-002
  0.75398999999999994       -3.5701062200551574E-002
  0.75423519999999999       -3.5692251282843986E-002
  0.75448039999999994       -3.5683426037483160E-002
  0.75472560000000000       -3.5674585975659936E-002
  0.75497079999999994       -3.5665731801645055E-002
  0.75521600000000000       -3.5656862764162293E-002
  0.75546119999999994       -3.5647979417707261E-002
  0.75570640000000000       -3.5639081492036165E-002
  0.75595159999999995       -3.5630169090056216E-002
  0.75619680000000000       -3.5621242204153379E-002
  0.75644199999999995       -3.5612300891036779E-002
  0.75668720000000000       -3.5603345114972332E-002
  0.75693239999999995       -3.5594374739883299E-002
  0.75717760000000001       -3.5585389936159541E-002
  0.75742279999999995       -3.5576390672623130E-002
  0.75766800000000001       -3.5567376928504077E-002
  0.75791319999999995       -3.5558348908867735E-002
  0.75815840000000001       -3.5549306234160215E-002
  0.75840359999999996       -3.5540249197124160E-002
  0.75864880000000001       -3.5531177620975837E-002
  0.75889399999999996       -3.5522091683054167E-002
  0.75913920000000001       -3.5512991249396567E-002
  0.75938439999999996       -3.5503876521211827E-002
  0.75962960000000002       -3.5494747222854194E-002
  0.75987479999999996       -3.5485603649073473E-002
  0.76012000000000002       -3.5476445569952449E-002
  0.76036519999999996       -3.5467273223332908E-002
  0.76061040000000002       -3.5458086221719316E-002
  0.76085559999999997       -3.5448884920486659E-002
  0.76110080000000002       -3.5439669235478477E-002
  0.76134599999999997       -3.5430439173510624E-002
  0.76159120000000002       -3.5421194716386335E-002
  0.76183639999999997       -3.5411935930467403E-002
  0.76208160000000003       -3.5402662763448250E-002
  0.76232679999999997       -3.5393375162841891E-002
  0.76257200000000003       -3.5384073085142173E-002
  0.76281719999999997       -3.5374756865057068E-002
  0.76306240000000003       -3.5365426176590047E-002
  0.76330759999999998       -3.5356081164099259E-002
  0.76355280000000003       -3.5346721813808026E-002
  0.76379799999999998       -3.5337347999300640E-002
  0.76404320000000003       -3.5327960016941488E-002
  0.76428839999999998       -3.5318557687381354E-002
  0.76453360000000004       -3.5309140861428251E-002
  0.76477879999999998       -3.5299709970054494E-002
  0.76502400000000004       -3.5290264484772613E-002
  0.76526919999999998       -3.5280804757242816E-002
  0.76551440000000004       -3.5271330880149533E-002
  0.76575959999999998       -3.5261842521869098E-002
  0.76600480000000004       -3.5252339981185619E-002
  0.76624999999999999       -3.5242823006753285E-002
  0.76649520000000004       -3.5233291769463604E-002
  0.76674039999999999       -3.5223746383797994E-002
  0.76698560000000005       -3.5214186682269930E-002
  0.76723079999999999       -3.5204612558229993E-002
  0.76747599999999994       -3.5195024342574772E-002
  0.76772119999999999       -3.5185421791857560E-002
  0.76796639999999994       -3.5175804971730090E-002
  0.76821159999999999       -3.5166173901629849E-002
  0.76845679999999994       -3.5156528516009450E-002
  0.76870200000000000       -3.5146868972359392E-002
  0.76894719999999994       -3.5137195203158979E-002
  0.76919240000000000       -3.5127507173270560E-002
  0.76943759999999994       -3.5117804795687983E-002
  0.76968280000000000       -3.5108088335033490E-002
  0.76992799999999995       -3.5098357576945842E-002
  0.77017320000000000       -3.5088612665194453E-002
  0.77041839999999995       -3.5078853522338228E-002
  0.77066360000000000       -3.5069080097286674E-002
  0.77090879999999995       -3.5059292582637291E-002
  0.77115400000000001       -3.5049490789170475E-002
  0.77139919999999995       -3.5039674884056557E-002
  0.77164440000000001       -3.5029844731943802E-002
  0.77188959999999995       -3.5020000294898532E-002
  0.77213480000000001       -3.5010141856094038E-002
  0.77237999999999996       -3.5000269182943515E-002
  0.77262520000000001       -3.4990382346852512E-002
  0.77287039999999996       -3.4980481344643426E-002
  0.77311560000000001       -3.4970566171013302E-002
  0.77336079999999996       -3.4960636822382291E-002
  0.77360600000000002       -3.4950693431647105E-002
  0.77385119999999996       -3.4940735890151772E-002
  0.77409640000000002       -3.4930764196703740E-002
  0.77434159999999996       -3.4920778345084481E-002
  0.77458680000000002       -3.4910778254162000E-002
  0.77483199999999997       -3.4900764215914752E-002
  0.77507720000000002       -3.4890736015988640E-002
  0.77532239999999997       -3.4880693620628303E-002
  0.77556760000000002       -3.4870637178543142E-002
  0.77581279999999997       -3.4860566686679258E-002
  0.77605800000000003       -3.4850482139559665E-002
  0.77630319999999997       -3.4840383509467207E-002
  0.77654840000000003       -3.4830270618220451E-002
  0.77679359999999997       -3.4820143791119966E-002
  0.77703880000000003       -3.4810002790713536E-002
  0.77728399999999997       -3.4799847873442466E-002
  0.77752920000000003       -3.4789678693114875E-002
  0.77777439999999998       -3.4779495586158594E-002
  0.77801960000000003       -3.4769298470704070E-002
  0.77826479999999998       -3.4759087225066709E-002
  0.77851000000000004       -3.4748861950953489E-002
  0.77875519999999998       -3.4738622652805994E-002
  0.77900040000000004       -3.4728369338519881E-002
  0.77924559999999998       -3.4718101982293761E-002
  0.77949080000000004       -3.4707820578261279E-002
  0.77973599999999998       -3.4697525184613651E-002
  0.77998120000000004       -3.4687215809202476E-002
  0.78022639999999999       -3.4676892495204198E-002
  0.78047160000000004       -3.4666554952247755E-002
  0.78071679999999999       -3.4656203584916001E-002
  0.78096200000000005       -3.4645838155287122E-002
  0.78120719999999999       -3.4635458821439091E-002
  0.78145239999999994       -3.4625065450050584E-002
  0.78169759999999999       -3.4614658254128322E-002
  0.78194279999999994       -3.4604237066153391E-002
  0.78218799999999999       -3.4593801763892401E-002
  0.78243319999999994       -3.4583352600137354E-002
  0.78267840000000000       -3.4572889407556866E-002
  0.78292359999999994       -3.4562412326637433E-002
  0.78316880000000000       -3.4551921293966191E-002
  0.78341399999999994       -3.4541416361172604E-002
  0.78365920000000000       -3.4530897533793396E-002
  0.78390439999999995       -3.4520364610249502E-002
  0.78414960000000000       -3.4509817982920001E-002
  0.78439479999999995       -3.4499257340862781E-002
  0.78464000000000000       -3.4488682830066827E-002
  0.78488519999999995       -3.4478094344694933E-002
  0.78513040000000001       -3.4467492022741450E-002
  0.78537559999999995       -3.4456875909194870E-002
  0.78562080000000001       -3.4446245723705367E-002
  0.78586599999999995       -3.4435601751227500E-002
  0.78611120000000001       -3.4424943892090443E-002
  0.78635639999999996       -3.4414272220891932E-002
  0.78660160000000001       -3.4403586650438807E-002
  0.78684679999999996       -3.4392887250195819E-002
  0.78709200000000001       -3.4382174014994160E-002
  0.78733719999999996       -3.4371446727792992E-002
  0.78758240000000002       -3.4360705801228547E-002
  0.78782759999999996       -3.4349951026069137E-002
  0.78807280000000002       -3.4339182337569864E-002
  0.78831799999999996       -3.4328399961064904E-002
  0.78856320000000002       -3.4317603706001572E-002
  0.78880839999999997       -3.4306793713915144E-002
  0.78905360000000002       -3.4295969622027397E-002
  0.78929879999999997       -3.4285132028641856E-002
  0.78954400000000002       -3.4274280580838978E-002
  0.78978919999999997       -3.4263415300351735E-002
  0.79003440000000003       -3.4252536319875411E-002
  0.79027959999999997       -3.4241643416127510E-002
  0.79052480000000003       -3.4230736929833375E-002
  0.79076999999999997       -3.4219816585364445E-002
  0.79101520000000003       -3.4208882382474229E-002
  0.79126039999999997       -3.4197934492567646E-002
  0.79150560000000003       -3.4186972851811555E-002
  0.79175079999999998       -3.4175997617875091E-002
  0.79199600000000003       -3.4165008498135412E-002
  0.79224119999999998       -3.4154005736228149E-002
  0.79248640000000004       -3.4142989134974336E-002
  0.79273159999999998       -3.4131958834140205E-002
  0.79297680000000004       -3.4120914823238681E-002
  0.79322199999999998       -3.4109857164703626E-002
  0.79346720000000004       -3.4098785864889868E-002
  0.79371239999999998       -3.4087700686138728E-002
  0.79395760000000004       -3.4076601928400660E-002
  0.79420279999999999       -3.4065489539402673E-002
  0.79444800000000004       -3.4054363406957250E-002
  0.79469319999999999       -3.4043223503814043E-002
  0.79493840000000004       -3.4032069980613269E-002
  0.79518359999999999       -3.4020902964030798E-002
  0.79542879999999994       -3.4009722189575840E-002
  0.79567399999999999       -3.3998527752400115E-002
  0.79591919999999994       -3.3987319679445571E-002
  0.79616439999999999       -3.3976097969536503E-002
  0.79640959999999994       -3.3964862667885606E-002
  0.79665480000000000       -3.3953613721994368E-002
  0.79689999999999994       -3.3942350999154873E-002
  0.79714520000000000       -3.3931074811847442E-002
  0.79739039999999994       -3.3919785011243944E-002
  0.79763560000000000       -3.3908481602387998E-002
  0.79788079999999995       -3.3897164488953919E-002
  0.79812600000000000       -3.3885834033845173E-002
  0.79837119999999995       -3.3874489900467784E-002
  0.79861640000000000       -3.3863132039723874E-002
  0.79886159999999995       -3.3851760716887905E-002
  0.79910680000000001       -3.3840375851099433E-002
  0.79935199999999995       -3.3828977350959452E-002
  0.79959720000000001       -3.3817565397160895E-002
  0.79984239999999995       -3.3806139777126029E-002
  0.80008760000000001       -3.3794700790778870E-002
  0.80033279999999996       -3.3783248066624492E-002
  0.80057800000000001       -3.3771781954058958E-002
  0.80082319999999996       -3.3760302232180753E-002
  0.80106840000000001       -3.3748809061366458E-002
  0.80131359999999996       -3.3737302370457113E-002
  0.80155880000000002       -3.3725782069141223E-002
  0.80180399999999996       -3.3714248367586859E-002
  0.80204920000000002       -3.3702701153586104E-002
  0.80229439999999996       -3.3691140395537333E-002
  0.80253960000000002       -3.3679566194798019E-002
  0.80278479999999997       -3.3667978649844464E-002
  0.80303000000000002       -3.3656377499533575E-002
  0.80327519999999997       -3.3644762865726881E-002
  0.80352040000000002       -3.3633134807465014E-002
  0.80376559999999997       -3.3621493336855032E-002
  0.80401080000000003       -3.3609838323152806E-002
  0.80425599999999997       -3.3598170020510999E-002
  0.80450120000000003       -3.3586488211500419E-002
  0.80474639999999997       -3.3574792873122435E-002
  0.80499160000000003       -3.3563084251619066E-002
  0.80523679999999997       -3.3551362178016519E-002
  0.80548200000000003       -3.3539626712105003E-002
  0.80572719999999998       -3.3527877842953267E-002
  0.80597240000000003       -3.3516115608186341E-002
  0.80621759999999998       -3.3504339948606458E-002
  0.80646280000000004       -3.3492550870030467E-002
  0.80670799999999998       -3.3480748370513264E-002
  0.80695320000000004       -3.3468932662141772E-002
  0.80719839999999998       -3.3457103482761985E-002
  0.80744360000000004       -3.3445260951064176E-002
  0.80768879999999998       -3.3433405058021830E-002
  0.80793400000000004       -3.3421535834240450E-002
  0.80817919999999999       -3.3409653403231029E-002
  0.80842440000000004       -3.3397757360821526E-002
  0.80866959999999999       -3.3385848206601183E-002
  0.80891480000000004       -3.3373925627453428E-002
  0.80915999999999999       -3.3361989750431760E-002
  0.80940519999999994       -3.3350040671489965E-002
  0.80965039999999999       -3.3338078225901013E-002
  0.80989559999999994       -3.3326102435126383E-002
  0.81014079999999999       -3.3314113416539975E-002
  0.81038599999999994       -3.3302111050119348E-002
  0.81063120000000000       -3.3290095437582157E-002
  0.81087639999999994       -3.3278066557264320E-002
  0.81112160000000000       -3.3266024454420957E-002
  0.81136679999999994       -3.3253969057613263E-002
  0.81161200000000000       -3.3241900449281971E-002
  0.81185719999999995       -3.3229818502744327E-002
  0.81210240000000000       -3.3217723358967784E-002
  0.81234759999999995       -3.3205614995460236E-002
  0.81259280000000000       -3.3193493423455782E-002
  0.81283799999999995       -3.3181358606197690E-002
  0.81308320000000001       -3.3169210547742668E-002
  0.81332839999999995       -3.3157049307194285E-002
  0.81357360000000001       -3.3144874949228881E-002
  0.81381879999999995       -3.3132687264602875E-002
  0.81406400000000001       -3.3120486521201239E-002
  0.81430919999999996       -3.3108272495288145E-002
  0.81455440000000001       -3.3096045334796917E-002
  0.81479959999999996       -3.3083805004795130E-002
  0.81504480000000001       -3.3071551588903847E-002
  0.81528999999999996       -3.3059284881308999E-002
  0.81553520000000002       -3.3047005085669774E-002
  0.81578039999999996       -3.3034712155895485E-002
  0.81602560000000002       -3.3022406124943886E-002
  0.81627079999999996       -3.3010086893786386E-002
  0.81651600000000002       -3.2997754601829951E-002
  0.81676119999999997       -3.2985409152468365E-002
  0.81700640000000002       -3.2973050577914428E-002
  0.81725159999999997       -3.2960678968810560E-002
  0.81749680000000002       -3.2948294112009245E-002
  0.81774199999999997       -3.2935896247159237E-002
  0.81798720000000003       -3.2923485396447433E-002
  0.81823239999999997       -3.2911061413392916E-002
  0.81847760000000003       -3.2898624331448426E-002
  0.81872279999999997       -3.2886174212802995E-002
  0.81896800000000003       -3.2873710969272017E-002
  0.81921319999999997       -3.2861234701631638E-002
  0.81945840000000003       -3.2848745390754934E-002
  0.81970359999999998       -3.2836243102190264E-002
  0.81994880000000003       -3.2823727741581314E-002
  0.82019399999999998       -3.2811199284541598E-002
  0.82043920000000004       -3.2798657925998224E-002
  0.82068439999999998       -3.2786103475010417E-002
  0.82092960000000004       -3.2773536130946926E-002
  0.82117479999999998       -3.2760955664103683E-002
  0.82142000000000004       -3.2748362277984430E-002
  0.82166519999999998       -3.2735755865114333E-002
  0.82191040000000004       -3.2723136484539679E-002
  0.82215559999999999       -3.2710504078945511E-002
  0.82240080000000004       -3.2697858845367356E-002
  0.82264599999999999       -3.2685200518459925E-002
  0.82289120000000004       -3.2672529332626342E-002
  0.82313639999999999       -3.2659845100485467E-002
  0.82338159999999994       -3.2647148025071480E-002
  0.82362679999999999       -3.2634437922514220E-002
  0.82387199999999994       -3.2621714974115715E-002
  0.82411719999999999       -3.2608979131197577E-002
  0.82436239999999994       -3.2596230286089829E-002
  0.82460760000000000       -3.2583468652442653E-002
  0.82485279999999994       -3.2570694013306943E-002
  0.82509800000000000       -3.2557906531872516E-002
  0.82534319999999994       -3.2545106198460592E-002
  0.82558840000000000       -3.2532292878714474E-002
  0.82583359999999995       -3.2519466745378582E-002
  0.82607880000000000       -3.2506627715210984E-002
  0.82632399999999995       -3.2493775865435781E-002
  0.82656920000000000       -3.2480911096783471E-002
  0.82681439999999995       -3.2468033582756149E-002
  0.82705960000000001       -3.2455143205197559E-002
  0.82730479999999995       -3.2442239981097874E-002
  0.82755000000000001       -3.2429323951957675E-002
  0.82779519999999995       -3.2416395084242905E-002
  0.82804040000000001       -3.2403453369155288E-002
  0.82828559999999996       -3.2390498954977413E-002
  0.82853080000000001       -3.2377531606695563E-002
  0.82877599999999996       -3.2364551565626842E-002
  0.82902120000000001       -3.2351558624115130E-002
  0.82926639999999996       -3.2338553061385139E-002
  0.82951160000000002       -3.2325534653021085E-002
  0.82975679999999996       -3.2312503421125981E-002
  0.83000200000000002       -3.2299459476451339E-002
  0.83024719999999996       -3.2286402806044535E-002
  0.83049240000000002       -3.2273333451593778E-002
  0.83073759999999996       -3.2260251207578299E-002
  0.83098280000000002       -3.2247156352760355E-002
  0.83122799999999997       -3.2234048758414270E-002
  0.83147320000000002       -3.2220928414368903E-002
  0.83171839999999997       -3.2207795407870027E-002
  0.83196360000000003       -3.2194649637281907E-002
  0.83220879999999997       -3.2181491246138193E-002
  0.83245400000000003       -3.2168320085647392E-002
  0.83269919999999997       -3.2155136317786166E-002
  0.83294440000000003       -3.2141939796451018E-002
  0.83318959999999997       -3.2128730613166970E-002
  0.83343480000000003       -3.2115508853884409E-002
  0.83367999999999998       -3.2102274356483759E-002
  0.83392520000000003       -3.2089027195975783E-002
  0.83417039999999998       -3.2075767486343415E-002
  0.83441560000000004       -3.2062495067608547E-002
  0.83466079999999998       -3.2049209978069162E-002
  0.83490600000000004       -3.2035912423162761E-002
  0.83515119999999998       -3.2022602143577571E-002
  0.83539640000000004       -3.2009279240087000E-002
  0.83564159999999998       -3.1995943840621606E-002
  0.83588680000000004       -3.1982595776859503E-002
  0.83613199999999999       -3.1969235140279231E-002
  0.83637720000000004       -3.1955861901163264E-002
  0.83662239999999999       -3.1942476129139467E-002
  0.83686760000000004       -3.1929077783721720E-002
  0.83711279999999999       -3.1915666851522716E-002
  0.83735799999999994       -3.1902243352239075E-002
  0.83760319999999999       -3.1888807371613974E-002
  0.83784839999999994       -3.1875358902424301E-002
  0.83809359999999999       -3.1861897806801279E-002
  0.83833879999999994       -3.1848424201235105E-002
  0.83858400000000000       -3.1834938055704538E-002
  0.83882919999999994       -3.1821439484119009E-002
  0.83907440000000000       -3.1807928298996521E-002
  0.83931959999999994       -3.1794404752700019E-002
  0.83956480000000000       -3.1780868649637382E-002
  0.83980999999999995       -3.1767320053010521E-002
  0.84005520000000000       -3.1753759012947580E-002
  0.84030039999999995       -3.1740185475638137E-002
  0.84054560000000000       -3.1726599483346621E-002
  0.84079079999999995       -3.1713001029245992E-002
  0.84103600000000001       -3.1699390146902394E-002
  0.84128119999999995       -3.1685766901186956E-002
  0.84152640000000001       -3.1672131019381489E-002
  0.84177159999999995       -3.1658482912483951E-002
  0.84201680000000001       -3.1644822270155949E-002
  0.84226199999999996       -3.1631149316626327E-002
  0.84250720000000001       -3.1617463864045646E-002
  0.84275239999999996       -3.1603766081084221E-002
  0.84299760000000001       -3.1590055856287561E-002
  0.84324279999999996       -3.1576333251013923E-002
  0.84348800000000002       -3.1562598323863315E-002
  0.84373319999999996       -3.1548851028517143E-002
  0.84397840000000002       -3.1535091287142047E-002
  0.84422359999999996       -3.1521319274888569E-002
  0.84446880000000002       -3.1507534872290494E-002
  0.84471399999999996       -3.1493738168240346E-002
  0.84495920000000002       -3.1479929111064280E-002
  0.84520439999999997       -3.1466107777360960E-002
  0.84544960000000002       -3.1452274083683160E-002
  0.84569479999999997       -3.1438428050396233E-002
  0.84594000000000003       -3.1424569723944959E-002
  0.84618519999999997       -3.1410699116038381E-002
  0.84643040000000003       -3.1396816139236026E-002
  0.84667559999999997       -3.1382920994113016E-002
  0.84692080000000003       -3.1369013551420334E-002
  0.84716599999999997       -3.1355093840302863E-002
  0.84741120000000003       -3.1341161833190821E-002
  0.84765639999999998       -3.1327217600673092E-002
  0.84790160000000003       -3.1313261041520365E-002
  0.84814679999999998       -3.1299292329496783E-002
  0.84839200000000003       -3.1285311419997706E-002
  0.84863719999999998       -3.1271318240660970E-002
  0.84888240000000004       -3.1257312770437362E-002
  0.84912759999999998       -3.1243295173359536E-002
  0.84937280000000004       -3.1229265375484875E-002
  0.84961799999999998       -3.1215223336441243E-002
  0.84986320000000004       -3.1201169173833466E-002
  0.85010839999999999       -3.1187102795904142E-002
  0.85035360000000004       -3.1173024121704866E-002
  0.85059879999999999       -3.1158933470816521E-002
  0.85084400000000004       -3.1144830523018398E-002
  0.85108919999999999       -3.1130715469256841E-002
  0.85133439999999994       -3.1116588320337469E-002
  0.85157959999999999       -3.1102448978840305E-002
  0.85182479999999994       -3.1088297488678751E-002
  0.85206999999999999       -3.1074133934189323E-002
  0.85231519999999994       -3.1059958250017446E-002
  0.85256040000000000       -3.1045770353548875E-002
  0.85280559999999994       -3.1031570498109839E-002
  0.85305080000000000       -3.1017358404206857E-002
  0.85329599999999994       -3.1003134316329149E-002
  0.85354120000000000       -3.0988898166232251E-002
  0.85378639999999995       -3.0974649887839680E-002
  0.85403160000000000       -3.0960389585583083E-002
  0.85427679999999995       -3.0946117226137087E-002
  0.85452200000000000       -3.0931832764611190E-002
  0.85476719999999995       -3.0917536255042316E-002
  0.85501240000000001       -3.0903227756891857E-002
  0.85525759999999995       -3.0888907150910371E-002
  0.85550280000000001       -3.0874574625240118E-002
  0.85574799999999995       -3.0860230002082791E-002
  0.85599320000000001       -3.0845873445481432E-002
  0.85623839999999996       -3.0831504849930330E-002
  0.85648360000000001       -3.0817124267346598E-002
  0.85672879999999996       -3.0802731640079392E-002
  0.85697400000000001       -3.0788327046075103E-002
  0.85721919999999996       -3.0773910556663796E-002
  0.85746440000000002       -3.0759482114801756E-002
  0.85770959999999996       -3.0745041566642269E-002
  0.85795480000000002       -3.0730589213525887E-002
  0.85819999999999996       -3.0716124877386064E-002
  0.85844520000000002       -3.0701648592720909E-002
  0.85869039999999996       -3.0687160401977404E-002
  0.85893560000000002       -3.0672660219058623E-002
  0.85918079999999997       -3.0658148187933724E-002
  0.85942600000000002       -3.0643624295187070E-002
  0.85967119999999997       -3.0629088442020745E-002
  0.85991640000000003       -3.0614540701399278E-002
  0.86016159999999997       -3.0599981080195425E-002
  0.86040680000000003       -3.0585409619358551E-002
  0.86065199999999997       -3.0570826223869977E-002
  0.86089720000000003       -3.0556230975121702E-002
  0.86114239999999997       -3.0541623929034936E-002
  0.86138760000000003       -3.0527004912257245E-002
  0.86163279999999998       -3.0512374222894805E-002
  0.86187800000000003       -3.0497731609116906E-002
  0.86212319999999998       -3.0483077201051346E-002
  0.86236840000000003       -3.0468410944288021E-002
  0.86261359999999998       -3.0453732863143408E-002
  0.86285880000000004       -3.0439043086005792E-002
  0.86310399999999998       -3.0424341383709069E-002
  0.86334920000000004       -3.0409627925308484E-002
  0.86359439999999998       -3.0394902711288647E-002
  0.86383960000000004       -3.0380165731009198E-002
  0.86408479999999999       -3.0365417021933235E-002
  0.86433000000000004       -3.0350656489591555E-002
  0.86457519999999999       -3.0335884181644516E-002
  0.86482040000000004       -3.0321100190075195E-002
  0.86506559999999999       -3.0306304473378738E-002
  0.86531079999999994       -3.0291496934684765E-002
  0.86555599999999999       -3.0276677795716671E-002
  0.86580119999999994       -3.0261846916519054E-002
  0.86604639999999999       -3.0247004268980190E-002
  0.86629159999999994       -3.0232149938247715E-002
  0.86653680000000000       -3.0217283940730883E-002
  0.86678199999999994       -3.0202406270947276E-002
  0.86702720000000000       -3.0187516888456275E-002
  0.86727239999999994       -3.0172615848988248E-002
  0.86751760000000000       -3.0157703169338339E-002
  0.86776279999999995       -3.0142778885974632E-002
  0.86800800000000000       -3.0127842837371140E-002
  0.86825319999999995       -3.0112895242188381E-002
  0.86849840000000000       -3.0097935989391190E-002
  0.86874359999999995       -3.0082965041407325E-002
  0.86898880000000001       -3.0067982559872884E-002
  0.86923399999999995       -3.0052988451443954E-002
  0.86947920000000001       -3.0037982739760972E-002
  0.86972439999999995       -3.0022965426629643E-002
  0.86996960000000001       -3.0007936518827712E-002
  0.87021479999999996       -2.9992896062449152E-002
  0.87046000000000001       -2.9977843974040068E-002
  0.87070519999999996       -2.9962780403252107E-002
  0.87095040000000001       -2.9947705258762298E-002
  0.87119559999999996       -2.9932618519494438E-002
  0.87144080000000002       -2.9917520237637316E-002
  0.87168599999999996       -2.9902410466178836E-002
  0.87193120000000002       -2.9887289168586965E-002
  0.87217639999999996       -2.9872156326511946E-002
  0.87242160000000002       -2.9857011937172925E-002
  0.87266679999999996       -2.9841856129049556E-002
  0.87291200000000002       -2.9826688782235249E-002
  0.87315719999999997       -2.9811509952660471E-002
  0.87340240000000002       -2.9796319600396803E-002
  0.87364759999999997       -2.9781117804179785E-002
  0.87389280000000003       -2.9765904514135768E-002
  0.87413799999999997       -2.9750679856905007E-002
  0.87438320000000003       -2.9735443659944048E-002
  0.87462839999999997       -2.9720196043055966E-002
  0.87487360000000003       -2.9704937002180531E-002
  0.87511879999999997       -2.9689666523333900E-002
  0.87536400000000003       -2.9674384579561605E-002
  0.87560919999999998       -2.9659091283352517E-002
  0.87585440000000003       -2.9643786593863811E-002
  0.87609959999999998       -2.9628470473927332E-002
  0.87634480000000003       -2.9613142948307365E-002
  0.87658999999999998       -2.9597804122844403E-002
  0.87683520000000004       -2.9582453805088994E-002
  0.87708039999999998       -2.9567092163151010E-002
  0.87732560000000004       -2.9551719183732554E-002
  0.87757079999999998       -2.9536334822267040E-002
  0.87781600000000004       -2.9520939133755617E-002
  0.87806119999999999       -2.9505532111763825E-002
  0.87830640000000004       -2.9490113720866063E-002
  0.87855159999999999       -2.9474684058339171E-002
  0.87879679999999993       -2.9459243045821780E-002
  0.87904199999999999       -2.9443790739847219E-002
  0.87928719999999994       -2.9428327143355217E-002
  0.87953239999999999       -2.9412852268513284E-002
  0.87977759999999994       -2.9397366080886830E-002
  0.88002279999999999       -2.9381868626574287E-002
  0.88026799999999994       -2.9366359872135636E-002
  0.88051320000000000       -2.9350839902492147E-002
  0.88075839999999994       -2.9335308626390947E-002
  0.88100360000000000       -2.9319766151015229E-002
  0.88124879999999994       -2.9304212402896025E-002
  0.88149400000000000       -2.9288647427445441E-002
  0.88173919999999995       -2.9273071269531069E-002
  0.88198440000000000       -2.9257483888278285E-002
  0.88222959999999995       -2.9241885272222892E-002
  0.88247480000000000       -2.9226275467431069E-002
  0.88271999999999995       -2.9210654472033047E-002
  0.88296520000000001       -2.9195022305307537E-002
  0.88321039999999995       -2.9179378880230401E-002
  0.88345560000000001       -2.9163724380958378E-002
  0.88370079999999995       -2.9148058623814678E-002
  0.88394600000000001       -2.9132381815248454E-002
  0.88419119999999995       -2.9116693781309835E-002
  0.88443640000000001       -2.9100994683468426E-002
  0.88468159999999996       -2.9085284373811100E-002
  0.88492680000000001       -2.9069562971533472E-002
  0.88517199999999996       -2.9053830497307320E-002
  0.88541720000000002       -2.9038086882232594E-002
  0.88566239999999996       -2.9022332125807838E-002
  0.88590760000000002       -2.9006566292419107E-002
  0.88615279999999996       -2.8990789403359526E-002
  0.88639800000000002       -2.8975001418252301E-002
  0.88664319999999996       -2.8959202359238080E-002
  0.88688840000000002       -2.8943392256343313E-002
  0.88713359999999997       -2.8927571107610302E-002
  0.88737880000000002       -2.8911738847592301E-002
  0.88762399999999997       -2.8895895605564409E-002
  0.88786920000000003       -2.8880041287993201E-002
  0.88811439999999997       -2.8864176006808840E-002
  0.88835960000000003       -2.8848299674440248E-002
  0.88860479999999997       -2.8832412325649565E-002
  0.88885000000000003       -2.8816513969710408E-002
  0.88909519999999997       -2.8800604634932451E-002
  0.88934040000000003       -2.8784684301822398E-002
  0.88958559999999998       -2.8768753021435080E-002
  0.88983080000000003       -2.8752810757328159E-002
  0.89007599999999998       -2.8736857500859608E-002
  0.89032120000000003       -2.8720893271356396E-002
  0.89056639999999998       -2.8704918176586557E-002
  0.89081160000000004       -2.8688932078289278E-002
  0.89105679999999998       -2.8672935078980014E-002
  0.89130200000000004       -2.8656927101788146E-002
  0.89154719999999998       -2.8640908273219513E-002
  0.89179240000000004       -2.8624878533069560E-002
  0.89203759999999999       -2.8608837861206167E-002
  0.89228280000000004       -2.8592786258672041E-002
  0.89252799999999999       -2.8576723843645530E-002
  0.89277319999999993       -2.8560650520012536E-002
  0.89301839999999999       -2.8544566329977161E-002
  0.89326359999999994       -2.8528471301187287E-002
  0.89350879999999999       -2.8512365377652442E-002
  0.89375399999999994       -2.8496248604309771E-002
  0.89399919999999999       -2.8480121012170258E-002
  0.89424439999999994       -2.8463982599411793E-002
  0.89448960000000000       -2.8447833304853506E-002
  0.89473479999999994       -2.8431673273816807E-002
  0.89498000000000000       -2.8415502408460844E-002
  0.89522519999999994       -2.8399320748738792E-002
  0.89547040000000000       -2.8383128231566711E-002
  0.89571559999999995       -2.8366924953864361E-002
  0.89596080000000000       -2.8350710924026815E-002
  0.89620599999999995       -2.8334486128636614E-002
  0.89645120000000000       -2.8318250535581551E-002
  0.89669639999999995       -2.8302004254388606E-002
  0.89694160000000001       -2.8285747191007449E-002
  0.89718679999999995       -2.8269479349099767E-002
  0.89743200000000001       -2.8253200844617819E-002
  0.89767719999999995       -2.8236911548149089E-002
  0.89792240000000001       -2.8220611581694158E-002
  0.89816759999999995       -2.8204300875398436E-002
  0.89841280000000001       -2.8187979525860819E-002
  0.89865799999999996       -2.8171647460330095E-002
  0.89890320000000001       -2.8155304658722773E-002
  0.89914839999999996       -2.8138951224698359E-002
  0.89939360000000002       -2.8122587123555573E-002
  0.89963879999999996       -2.8106212382816562E-002
  0.89988400000000002       -2.8089826917735632E-002
  0.90012919999999996       -2.8073430849828575E-002
  0.90037440000000002       -2.8057024145596854E-002
  0.90061959999999996       -2.8040606783763616E-002
  0.90086480000000002       -2.8024178878212232E-002
  0.90110999999999997       -2.8007740272465640E-002
  0.90135520000000002       -2.7991291067042654E-002
  0.90160039999999997       -2.7974831337459389E-002
  0.90184560000000002       -2.7958360958861370E-002
  0.90209079999999997       -2.7941879978413377E-002
  0.90233600000000003       -2.7925388410689655E-002
  0.90258119999999997       -2.7908886386338302E-002
  0.90282640000000003       -2.7892373714884938E-002
  0.90307159999999997       -2.7875850519566911E-002
  0.90331680000000003       -2.7859316719057066E-002
  0.90356199999999998       -2.7842772433874254E-002
  0.90380720000000003       -2.7826217620078749E-002
  0.90405239999999998       -2.7809652275202736E-002
  0.90429760000000003       -2.7793076442858805E-002
  0.90454279999999998       -2.7776490059966748E-002
  0.90478800000000004       -2.7759893203939599E-002
  0.90503319999999998       -2.7743285888196891E-002
  0.90527840000000004       -2.7726668015535957E-002
  0.90552359999999998       -2.7710039731839782E-002
  0.90576880000000004       -2.7693400923738648E-002
  0.90601399999999999       -2.7676751734831605E-002
  0.90625920000000004       -2.7660092050647435E-002
  0.90650439999999999       -2.7643421904642331E-002
  0.90674959999999993       -2.7626741341214858E-002
  0.90699479999999999       -2.7610050383384883E-002
  0.90723999999999994       -2.7593348950822820E-002
  0.90748519999999999       -2.7576637152111914E-002
  0.90773039999999994       -2.7559914896480790E-002
  0.90797559999999999       -2.7543182333812172E-002
  0.90822079999999994       -2.7526439307708855E-002
  0.90846600000000000       -2.7509685904388365E-002
  0.90871119999999994       -2.7492922184546291E-002
  0.90895640000000000       -2.7476148043070771E-002
  0.90920159999999994       -2.7459363579249649E-002
  0.90944680000000000       -2.7442568741914083E-002
  0.90969199999999995       -2.7425763574169638E-002
  0.90993720000000000       -2.7408948079009805E-002
  0.91018239999999995       -2.7392122238381066E-002
  0.91042760000000000       -2.7375286073451736E-002
  0.91067279999999995       -2.7358439620319232E-002
  0.91091800000000001       -2.7341582876196438E-002
  0.91116319999999995       -2.7324715818628557E-002
  0.91140840000000001       -2.7307838479747881E-002
  0.91165359999999995       -2.7290950851301479E-002
  0.91189880000000001       -2.7274052975035615E-002
  0.91214399999999995       -2.7257144827503764E-002
  0.91238920000000001       -2.7240226399852054E-002
  0.91263439999999996       -2.7223297760832817E-002
  0.91287960000000001       -2.7206358883924919E-002
  0.91312479999999996       -2.7189409751798174E-002
  0.91337000000000002       -2.7172450410462432E-002
  0.91361519999999996       -2.7155480860577053E-002
  0.91386040000000002       -2.7138501092770700E-002
  0.91410559999999996       -2.7121511110146757E-002
  0.91435080000000002       -2.7104510934728761E-002
  0.91459599999999996       -2.7087500631591935E-002
  0.91484120000000002       -2.7070480081750968E-002
  0.91508639999999997       -2.7053449395224808E-002
  0.91533160000000002       -2.7036408552782280E-002
  0.91557679999999997       -2.7019357541576059E-002
  0.91582200000000002       -2.7002296395214367E-002
  0.91606719999999997       -2.6985225067506405E-002
  0.91631240000000003       -2.6968143686237466E-002
  0.91655759999999997       -2.6951052120542603E-002
  0.91680280000000003       -2.6933950515593229E-002
  0.91704799999999997       -2.6916838715063039E-002
  0.91729320000000003       -2.6899716890708494E-002
  0.91753839999999998       -2.6882584968932768E-002
  0.91778360000000003       -2.6865442898982912E-002
  0.91802879999999998       -2.6848290807883875E-002
  0.91827400000000003       -2.6831128661226066E-002
  0.91851919999999998       -2.6813956452018260E-002
  0.91876440000000004       -2.6796774141765844E-002
  0.91900959999999998       -2.6779581841711583E-002
  0.91925480000000004       -2.6762379502898642E-002
  0.91949999999999998       -2.6745167121981234E-002
  0.91974520000000004       -2.6727944726595215E-002
  0.91999039999999999       -2.6710712298064140E-002
  0.92023560000000004       -2.6693469913004187E-002
  0.92048079999999999       -2.6676217496344089E-002
  0.92072599999999993       -2.6658955097938027E-002
  0.92097119999999999       -2.6641682719979968E-002
  0.92121639999999994       -2.6624400380253904E-002
  0.92146159999999999       -2.6607108092762111E-002
  0.92170679999999994       -2.6589805831100988E-002
  0.92195199999999999       -2.6572493620386120E-002
  0.92219719999999994       -2.6555171454206879E-002
  0.92244240000000000       -2.6537839357101391E-002
  0.92268759999999994       -2.6520497361852760E-002
  0.92293280000000000       -2.6503145444990203E-002
  0.92317799999999994       -2.6485783607933071E-002
  0.92342320000000000       -2.6468411875053277E-002
  0.92366839999999995       -2.6451030262914055E-002
  0.92391360000000000       -2.6433638727360771E-002
  0.92415879999999995       -2.6416237370657732E-002
  0.92440400000000000       -2.6398826091119536E-002
  0.92464919999999995       -2.6381404983745506E-002
  0.92489440000000001       -2.6363974028478326E-002
  0.92513959999999995       -2.6346533209658331E-002
  0.92538480000000001       -2.6329082579969590E-002
  0.92562999999999995       -2.6311622105937394E-002
  0.92587520000000001       -2.6294151768190038E-002
  0.92612039999999995       -2.6276671665043144E-002
  0.92636560000000001       -2.6259181720903160E-002
  0.92661079999999996       -2.6241682019174293E-002
  0.92685600000000001       -2.6224172500322430E-002
  0.92710119999999996       -2.6206653229020570E-002
  0.92734640000000002       -2.6189124169503707E-002
  0.92759159999999996       -2.6171585346010738E-002
  0.92783680000000002       -2.6154036743217986E-002
  0.92808199999999996       -2.6136478400936591E-002
  0.92832720000000002       -2.6118910329313787E-002
  0.92857239999999996       -2.6101332506352007E-002
  0.92881760000000002       -2.6083744990971238E-002
  0.92906279999999997       -2.6066147722307049E-002
  0.92930800000000002       -2.6048540763073474E-002
  0.92955319999999997       -2.6030924066905312E-002
  0.92979840000000002       -2.6013297691892333E-002
  0.93004359999999997       -2.5995661636075151E-002
  0.93028880000000003       -2.5978015942587997E-002
  0.93053399999999997       -2.5960360526832361E-002
  0.93077920000000003       -2.5942695452358475E-002
  0.93102439999999997       -2.5925020705421575E-002
  0.93126960000000003       -2.5907336353551677E-002
  0.93151479999999998       -2.5889642343899372E-002
  0.93176000000000003       -2.5871938685245763E-002
  0.93200519999999998       -2.5854225457143172E-002
  0.93225040000000003       -2.5836502549140189E-002
  0.93249559999999998       -2.5818770068828174E-002
  0.93274080000000004       -2.5801027992854164E-002
  0.93298599999999998       -2.5783276327226531E-002
  0.93323120000000004       -2.5765515059124163E-002
  0.93347639999999998       -2.5747744225501974E-002
  0.93372160000000004       -2.5729963829245681E-002
  0.93396679999999999       -2.5712173873359910E-002
  0.93421200000000004       -2.5694374347006894E-002
  0.93445719999999999       -2.5676565274893474E-002
  0.93470239999999993       -2.5658746696007529E-002
  0.93494759999999999       -2.5640918589337151E-002
  0.93519279999999994       -2.5623080922245675E-002
  0.93543799999999999       -2.5605233760954534E-002
  0.93568319999999994       -2.5587377111034891E-002
  0.93592839999999999       -2.5569510967348927E-002
  0.93617359999999994       -2.5551635323265206E-002
  0.93641880000000000       -2.5533750170461354E-002
  0.93666399999999994       -2.5515855564388606E-002
  0.93690920000000000       -2.5497951531057571E-002
  0.93715439999999994       -2.5480038011877145E-002
  0.93739960000000000       -2.5462115035542306E-002
  0.93764479999999994       -2.5444182652408939E-002
  0.93789000000000000       -2.5426240782012489E-002
  0.93813519999999995       -2.5408289547477144E-002
  0.93838040000000000       -2.5390328834525064E-002
  0.93862559999999995       -2.5372358740355691E-002
  0.93887080000000001       -2.5354379231705016E-002
  0.93911599999999995       -2.5336390394768250E-002
  0.93936120000000001       -2.5318392133207773E-002
  0.93960639999999995       -2.5300384461211779E-002
  0.93985160000000001       -2.5282367421628791E-002
  0.94009679999999995       -2.5264341069688806E-002
  0.94034200000000001       -2.5246305331717862E-002
  0.94058719999999996       -2.5228260253791518E-002
  0.94083240000000001       -2.5210205839830722E-002
  0.94107759999999996       -2.5192142114050863E-002
  0.94132280000000002       -2.5174069035063057E-002
  0.94156799999999996       -2.5155986629543849E-002
  0.94181320000000002       -2.5137894964844525E-002
  0.94205839999999996       -2.5119794002176829E-002
  0.94230360000000002       -2.5101683715389872E-002
  0.94254879999999996       -2.5083564164887266E-002
  0.94279400000000002       -2.5065435350713022E-002
  0.94303919999999997       -2.5047297261066023E-002
  0.94328440000000002       -2.5029149894759413E-002
  0.94352959999999997       -2.5010993292373239E-002
  0.94377480000000002       -2.4992827457282561E-002
  0.94401999999999997       -2.4974652370219071E-002
  0.94426520000000003       -2.4956468094202159E-002
  0.94451039999999997       -2.4938274563317861E-002
  0.94475560000000003       -2.4920071849520737E-002
  0.94500079999999997       -2.4901859906126020E-002
  0.94524600000000003       -2.4883638797089217E-002
  0.94549119999999998       -2.4865408496829840E-002
  0.94573640000000003       -2.4847168976234679E-002
  0.94598159999999998       -2.4828920312529850E-002
  0.94622680000000003       -2.4810662519493317E-002
  0.94647199999999998       -2.4792395533956898E-002
  0.94671720000000004       -2.4774119403237555E-002
  0.94696239999999998       -2.4755834144228914E-002
  0.94720760000000004       -2.4737539773346400E-002
  0.94745279999999998       -2.4719236271110740E-002
  0.94769800000000004       -2.4700923642249531E-002
  0.94794319999999999       -2.4682601883723058E-002
  0.94818840000000004       -2.4664271082385943E-002
  0.94843359999999999       -2.4645931151562602E-002
  0.94867879999999993       -2.4627582138070973E-002
  0.94892399999999999       -2.4609224064994294E-002
  0.94916919999999994       -2.4590856924044214E-002
  0.94941439999999999       -2.4572480717089933E-002
  0.94965959999999994       -2.4554095455890240E-002
  0.94990479999999999       -2.4535701145435334E-002
  0.95014999999999994       -2.4517297847760810E-002
  0.95039520000000000       -2.4498885507801365E-002
  0.95064039999999994       -2.4480464104318183E-002
  0.95088560000000000       -2.4462033716431176E-002
  0.95113079999999994       -2.4443594335152613E-002
  0.95137600000000000       -2.4425145957622643E-002
  0.95162119999999994       -2.4406688597323627E-002
  0.95186640000000000       -2.4388222243100915E-002
  0.95211159999999995       -2.4369746924832011E-002
  0.95235680000000000       -2.4351262652011062E-002
  0.95260199999999995       -2.4332769419418677E-002
  0.95284720000000001       -2.4314267229442077E-002
  0.95309239999999995       -2.4295756100296818E-002
  0.95333760000000001       -2.4277236029576536E-002
  0.95358279999999995       -2.4258707069945984E-002
  0.95382800000000001       -2.4240169181706465E-002
  0.95407319999999995       -2.4221622364381933E-002
  0.95431840000000001       -2.4203066686367933E-002
  0.95456359999999996       -2.4184502118292567E-002
  0.95480880000000001       -2.4165928613386317E-002
  0.95505399999999996       -2.4147346279647597E-002
  0.95529920000000002       -2.4128755072709344E-002
  0.95554439999999996       -2.4110154998417475E-002
  0.95578960000000002       -2.4091546085619062E-002
  0.95603479999999996       -2.4072928320168645E-002
  0.95628000000000002       -2.4054301700053043E-002
  0.95652519999999996       -2.4035666286283026E-002
  0.95677040000000002       -2.4017022029637680E-002
  0.95701559999999997       -2.3998368991742933E-002
  0.95726080000000002       -2.3979707122027454E-002
  0.95750599999999997       -2.3961036479767734E-002
  0.95775120000000002       -2.3942357030115751E-002
  0.95799639999999997       -2.3923668802542576E-002
  0.95824160000000003       -2.3904971810715454E-002
  0.95848679999999997       -2.3886266040133493E-002
  0.95873200000000003       -2.3867551536305157E-002
  0.95897719999999997       -2.3848828295186066E-002
  0.95922240000000003       -2.3830096300854010E-002
  0.95946759999999998       -2.3811355584818134E-002
  0.95971280000000003       -2.3792606112544822E-002
  0.95995799999999998       -2.3773847955788824E-002
  0.96020320000000003       -2.3755081097554795E-002
  0.96044839999999998       -2.3736305514740853E-002
  0.96069360000000004       -2.3717521245835711E-002
  0.96093879999999998       -2.3698728309188496E-002
  0.96118400000000004       -2.3679926680981130E-002
  0.96142919999999998       -2.3661116377041838E-002
  0.96167440000000004       -2.3642297470741338E-002
  0.96191959999999999       -2.3623469857394677E-002
  0.96216480000000004       -2.3604633612534346E-002
  0.96240999999999999       -2.3585788740456529E-002
  0.96265519999999993       -2.3566935230840611E-002
  0.96290039999999999       -2.3548073107263704E-002
  0.96314559999999994       -2.3529202374979540E-002
  0.96339079999999999       -2.3510323039551861E-002
  0.96363599999999994       -2.3491435107108175E-002
  0.96388119999999999       -2.3472538582291209E-002
  0.96412639999999994       -2.3453633488019772E-002
  0.96437160000000000       -2.3434719826671141E-002
  0.96461679999999994       -2.3415797593684493E-002
  0.96486200000000000       -2.3396866797829180E-002
  0.96510719999999994       -2.3377927475947937E-002
  0.96535240000000000       -2.3358979591441197E-002
  0.96559759999999994       -2.3340023181364727E-002
  0.96584280000000000       -2.3321058260909366E-002
  0.96608799999999995       -2.3302084801498323E-002
  0.96633320000000000       -2.3283102870583945E-002
  0.96657839999999995       -2.3264112413224996E-002
  0.96682360000000001       -2.3245113483409290E-002
  0.96706879999999995       -2.3226106050170954E-002
  0.96731400000000001       -2.3207090164449599E-002
  0.96755919999999995       -2.3188065777123238E-002
  0.96780440000000001       -2.3169032964749692E-002
  0.96804959999999995       -2.3149991678298815E-002
  0.96829480000000001       -2.3130941961481299E-002
  0.96853999999999996       -2.3111883815966607E-002
  0.96878520000000001       -2.3092817230741414E-002
  0.96903039999999996       -2.3073742228383268E-002
  0.96927560000000001       -2.3054658817491473E-002
  0.96952079999999996       -2.3035567006729575E-002
  0.96976600000000002       -2.3016466791886903E-002
  0.97001119999999996       -2.2997358186345667E-002
  0.97025640000000002       -2.2978241204731964E-002
  0.97050159999999996       -2.2959115865561704E-002
  0.97074680000000002       -2.2939982159392684E-002
  0.97099199999999997       -2.2920840105900397E-002
  0.97123720000000002       -2.2901689677163689E-002
  0.97148239999999997       -2.2882530941271309E-002
  0.97172760000000002       -2.2863363853125557E-002
  0.97197279999999997       -2.2844188443926685E-002
  0.97221800000000003       -2.2825004729111181E-002
  0.97246319999999997       -2.2805812692702945E-002
  0.97270840000000003       -2.2786612359427152E-002
  0.97295359999999997       -2.2767403757390371E-002
  0.97319880000000003       -2.2748186859801168E-002
  0.97344399999999998       -2.2728961659502216E-002
  0.97368920000000003       -2.2709728224746241E-002
  0.97393439999999998       -2.2690486536546487E-002
  0.97417960000000003       -2.2671236571518767E-002
  0.97442479999999998       -2.2651978377212247E-002
  0.97467000000000004       -2.2632711964347661E-002
  0.97491519999999998       -2.2613437302831007E-002
  0.97516040000000004       -2.2594154439495275E-002
  0.97540559999999998       -2.2574863335157604E-002
  0.97565080000000004       -2.2555564042995718E-002
  0.97589599999999999       -2.2536256563552712E-002
  0.97614120000000004       -2.2516940887620442E-002
  0.97638639999999999       -2.2497617045461205E-002
  0.97663159999999993       -2.2478285009363250E-002
  0.97687679999999999       -2.2458944836210304E-002
  0.97712199999999994       -2.2439596496493342E-002
  0.97736719999999999       -2.2420240017934565E-002
  0.97761239999999994       -2.2400875395791230E-002
  0.97785759999999999       -2.2381502645818827E-002
  0.97810279999999994       -2.2362121762311081E-002
  0.97834800000000000       -2.2342732763158474E-002
  0.97859319999999994       -2.2323335664489071E-002
  0.97883840000000000       -2.2303930471462698E-002
  0.97908359999999994       -2.2284517182262441E-002
  0.97932880000000000       -2.2265095805233864E-002
  0.97957399999999994       -2.2245666368166387E-002
  0.97981920000000000       -2.2226228846561578E-002
  0.98006439999999995       -2.2206783291536358E-002
  0.98030960000000000       -2.2187329655440423E-002
  0.98055479999999995       -2.2167868008223846E-002
  0.98080000000000001       -2.2148398293030815E-002
  0.98104519999999995       -2.2128920566985202E-002
  0.98129040000000001       -2.2109434840993644E-002
  0.98153559999999995       -2.2089941081941133E-002
  0.98178080000000001       -2.2070439319439434E-002
  0.98202599999999995       -2.2050929559886884E-002
  0.98227120000000001       -2.2031411830714505E-002
  0.98251639999999996       -2.2011886114785571E-002
  0.98276160000000001       -2.1992352437801736E-002
  0.98300679999999996       -2.1972810782771968E-002
  0.98325200000000001       -2.1953261183845767E-002
  0.98349719999999996       -2.1933703627023307E-002
  0.98374240000000002       -2.1914138136071418E-002
  0.98398759999999996       -2.1894564725409963E-002
  0.98423280000000002       -2.1874983384334207E-002
  0.98447799999999996       -2.1855394130158159E-002
  0.98472320000000002       -2.1835796960296010E-002
  0.98496839999999997       -2.1816191913977507E-002
  0.98521360000000002       -2.1796578971467931E-002
  0.98545879999999997       -2.1776958138278370E-002
  0.98570400000000002       -2.1757329406317135E-002
  0.98594919999999997       -2.1737692845486170E-002
  0.98619440000000003       -2.1718048421553816E-002
  0.98643959999999997       -2.1698396140221787E-002
  0.98668480000000003       -2.1678736019072446E-002
  0.98692999999999997       -2.1659068064109246E-002
  0.98717520000000003       -2.1639392289622715E-002
  0.98742039999999998       -2.1619708671121975E-002
  0.98766560000000003       -2.1600017271812738E-002
  0.98791079999999998       -2.1580318049619511E-002
  0.98815600000000003       -2.1560611048161132E-002
  0.98840119999999998       -2.1540896258494237E-002
  0.98864640000000004       -2.1521173680793825E-002
  0.98889159999999998       -2.1501443347055098E-002
  0.98913680000000004       -2.1481705245656974E-002
  0.98938199999999998       -2.1461959380316323E-002
  0.98962720000000004       -2.1442205783321223E-002
  0.98987239999999999       -2.1422444445289696E-002
  0.99011760000000004       -2.1402675361104809E-002
  0.99036279999999999       -2.1382898574392208E-002
  0.99060799999999993       -2.1363114070820657E-002
  0.99085319999999999       -2.1343321873775238E-002
  0.99109839999999993       -2.1323521950035416E-002
  0.99134359999999999       -2.1303714344917707E-002
  0.99158879999999994       -2.1283899071406841E-002
  0.99183399999999999       -2.1264076124150561E-002
  0.99207919999999994       -2.1244245496845234E-002
  0.99232440000000000       -2.1224407225441978E-002
  0.99256959999999994       -2.1204561307587633E-002
  0.99281480000000000       -2.1184707726562970E-002
  0.99305999999999994       -2.1164846535031014E-002
  0.99330520000000000       -2.1144977699886356E-002
  0.99355039999999994       -2.1125101250332415E-002
  0.99379560000000000       -2.1105217193788602E-002
  0.99404079999999995       -2.1085325542914299E-002
  0.99428600000000000       -2.1065426290928255E-002
  0.99453119999999995       -2.1045519459882551E-002
  0.99477640000000001       -2.1025605054892364E-002
  0.99502159999999995       -2.1005683047584552E-002
  0.99526680000000001       -2.0985753519038877E-002
  0.99551199999999995       -2.0965816415888513E-002
  0.99575720000000001       -2.0945871780227727E-002
  0.99600239999999995       -2.0925919601921850E-002
  0.99624760000000001       -2.0905959896409098E-002
  0.99649279999999996       -2.0885992672459039E-002
  0.99673800000000001       -2.0866017932060641E-002
  0.99698319999999996       -2.0846035680186871E-002
  0.99722840000000001       -2.0826045929461759E-002
  0.99747359999999996       -2.0806048688904497E-002
  0.99771880000000002       -2.0786043981856819E-002
  0.99796399999999996       -2.0766031794533259E-002
  0.99820920000000002       -2.0746012145089657E-002
  0.99845439999999996       -2.0725985035362483E-002
  0.99869960000000002       -2.0705950471917478E-002
  0.99894479999999997       -2.0685908478358890E-002
  0.99919000000000002       -2.0665859035368845E-002
  0.99943519999999997       -2.0645802179082236E-002
  0.99968040000000002       -2.0625737905531301E-002
  0.99992559999999997       -2.0605666218221328E-002
   1.0001708000000000       -2.0585587134334341E-002
   1.0004160000000000       -2.0565500668131148E-002
   1.0006611999999999       -2.0545406803405167E-002
   1.0009064000000001       -2.0525305565447183E-002
   1.0011516000000000       -2.0505196962056375E-002
   1.0013968000000000       -2.0485080980330382E-002
   1.0016419999999999       -2.0464957674061802E-002
   1.0018872000000001       -2.0444827002649039E-002
   1.0021324000000000       -2.0424689000913075E-002
   1.0023776000000000       -2.0404543667795649E-002
   1.0026227999999999       -2.0384391019096643E-002
   1.0028680000000001       -2.0364231061866172E-002
   1.0031132000000000       -2.0344063789327627E-002
   1.0033584000000000       -2.0323889231344976E-002
   1.0036035999999999       -2.0303707377982001E-002
   1.0038488000000001       -2.0283518232833586E-002
   1.0040940000000000       -2.0263321829938216E-002
   1.0043392000000000       -2.0243118162600153E-002
   1.0045843999999999       -2.0222907235683773E-002
   1.0048295999999999       -2.0202689054119722E-002
   1.0050748000000000       -2.0182463654336097E-002
   1.0053200000000000       -2.0162231001251137E-002
   1.0055651999999999       -2.0141991139832029E-002
   1.0058103999999999       -2.0121744034295397E-002
   1.0060556000000000       -2.0101489744962578E-002
   1.0063008000000000       -2.0081228239252676E-002
   1.0065459999999999       -2.0060959553232068E-002
   1.0067911999999999       -2.0040683685880790E-002
   1.0070364000000001       -2.0020400645777200E-002
   1.0072816000000000       -2.0000110430885145E-002
   1.0075267999999999       -1.9979813048781464E-002
   1.0077719999999999       -1.9959508527728143E-002
   1.0080172000000001       -1.9939196855691642E-002
   1.0082624000000000       -1.9918878045560702E-002
   1.0085075999999999       -1.9898552104438864E-002
   1.0087527999999999       -1.9878219054704192E-002
   1.0089980000000001       -1.9857878884221379E-002
   1.0092432000000000       -1.9837531614602600E-002
   1.0094884000000000       -1.9817177243324172E-002
   1.0097335999999999       -1.9796815802139867E-002
   1.0099788000000001       -1.9776447267008959E-002
   1.0102240000000000       -1.9756071656737179E-002
   1.0104692000000000       -1.9735688984758436E-002
   1.0107143999999999       -1.9715299258596580E-002
   1.0109596000000001       -1.9694902488686303E-002
   1.0112048000000000       -1.9674498678644514E-002
   1.0114500000000000       -1.9654087838564087E-002
   1.0116951999999999       -1.9633669960961064E-002
   1.0119404000000001       -1.9613245081515105E-002
   1.0121856000000000       -1.9592813200763327E-002
   1.0124308000000000       -1.9572374310283462E-002
   1.0126759999999999       -1.9551928421028264E-002
   1.0129212000000001       -1.9531475560122163E-002
   1.0131664000000000       -1.9511015727211315E-002
   1.0134116000000000       -1.9490548923986550E-002
   1.0136567999999999       -1.9470075153458208E-002
   1.0139020000000001       -1.9449594433404275E-002
   1.0141472000000000       -1.9429106776091665E-002
   1.0143924000000000       -1.9408612183581007E-002
   1.0146375999999999       -1.9388110653992940E-002
   1.0148828000000001       -1.9367602218443705E-002
   1.0151280000000000       -1.9347086869021122E-002
   1.0153732000000000       -1.9326564610703683E-002
   1.0156183999999999       -1.9306035466141843E-002
   1.0158636000000001       -1.9285499426846927E-002
   1.0161088000000000       -1.9264956507364851E-002
   1.0163540000000000       -1.9244406718871756E-002
   1.0165991999999999       -1.9223850070323560E-002
   1.0168444000000001       -1.9203286568891264E-002
   1.0170896000000000       -1.9182716218315833E-002
   1.0173348000000000       -1.9162139028445518E-002
   1.0175799999999999       -1.9141555007847168E-002
   1.0178252000000001       -1.9120964164154961E-002
   1.0180704000000000       -1.9100366508664986E-002
   1.0183156000000000       -1.9079762044810419E-002
   1.0185607999999999       -1.9059150779070350E-002
   1.0188059999999999       -1.9038532722137982E-002
   1.0190512000000000       -1.9017907892008010E-002
   1.0192964000000000       -1.8997276279975668E-002
   1.0195415999999999       -1.8976637907751819E-002
   1.0197867999999999       -1.8955992755377307E-002
   1.0200320000000000       -1.8935340887995117E-002
   1.0202772000000000       -1.8914682246728702E-002
   1.0205223999999999       -1.8894016889476770E-002
   1.0207675999999999       -1.8873344803233574E-002
   1.0210128000000001       -1.8852665993849081E-002
   1.0212580000000000       -1.8831980471699424E-002
   1.0215031999999999       -1.8811288259904538E-002
   1.0217483999999999       -1.8790589338313041E-002
   1.0219936000000001       -1.8769883735777867E-002
   1.0222388000000000       -1.8749171468645409E-002
   1.0224839999999999       -1.8728452509631618E-002
   1.0227291999999999       -1.8707726907050058E-002
   1.0229744000000001       -1.8686994645736428E-002
   1.0232196000000000       -1.8666255727221765E-002
   1.0234648000000000       -1.8645510178259293E-002
   1.0237099999999999       -1.8624758004118055E-002
   1.0239552000000001       -1.8603999204232651E-002
   1.0242004000000000       -1.8583233787576186E-002
   1.0244456000000000       -1.8562461777017630E-002
   1.0246907999999999       -1.8541683152738880E-002
   1.0249360000000001       -1.8520897941272159E-002
   1.0251812000000000       -1.8500106160139883E-002
   1.0254264000000000       -1.8479307797765288E-002
   1.0256715999999999       -1.8458502866790322E-002
   1.0259168000000001       -1.8437691387572796E-002
   1.0261620000000000       -1.8416873342382126E-002
   1.0264072000000000       -1.8396048771054385E-002
   1.0266523999999999       -1.8375217652491314E-002
   1.0268976000000001       -1.8354380016115175E-002
   1.0271428000000000       -1.8333535871484910E-002
   1.0273880000000000       -1.8312685212640015E-002
   1.0276331999999999       -1.8291828039648132E-002
   1.0278784000000001       -1.8270964384569578E-002
   1.0281236000000000       -1.8250094237773101E-002
   1.0283688000000000       -1.8229217620592344E-002
   1.0286139999999999       -1.8208334534572591E-002
   1.0288592000000001       -1.8187444981950771E-002
   1.0291044000000000       -1.8166548984519807E-002
   1.0293496000000000       -1.8145646531966573E-002
   1.0295947999999999       -1.8124737639234917E-002
   1.0298400000000001       -1.8103822329853810E-002
   1.0300852000000000       -1.8082900596699241E-002
   1.0303304000000000       -1.8061972448944367E-002
   1.0305755999999999       -1.8041037891577960E-002
   1.0308208000000001       -1.8020096942959547E-002
   1.0310660000000000       -1.7999149599607227E-002
   1.0313112000000000       -1.7978195881470180E-002
   1.0315563999999999       -1.7957235784478536E-002
   1.0318016000000001       -1.7936269333600024E-002
   1.0320468000000000       -1.7915296520156949E-002
   1.0322920000000000       -1.7894317350964094E-002
   1.0325371999999999       -1.7873331848639182E-002
   1.0327823999999999       -1.7852340007116857E-002
   1.0330276000000000       -1.7831341847689926E-002
   1.0332728000000000       -1.7810337370431067E-002
   1.0335179999999999       -1.7789326587232330E-002
   1.0337631999999999       -1.7768309493683045E-002
   1.0340084000000000       -1.7747286115359945E-002
   1.0342536000000000       -1.7726256449896102E-002
   1.0344987999999999       -1.7705220508766654E-002
   1.0347439999999999       -1.7684178300280726E-002
   1.0349892000000001       -1.7663129832981597E-002
   1.0352344000000000       -1.7642075107492897E-002
   1.0354795999999999       -1.7621014143689568E-002
   1.0357247999999999       -1.7599946944039668E-002
   1.0359700000000001       -1.7578873508766402E-002
   1.0362152000000000       -1.7557793859177297E-002
   1.0364603999999999       -1.7536707994196515E-002
   1.0367055999999999       -1.7515615934706848E-002
   1.0369508000000001       -1.7494517664574379E-002
   1.0371960000000000       -1.7473413214693853E-002
   1.0374412000000000       -1.7452302586983878E-002
   1.0376863999999999       -1.7431185787014261E-002
   1.0379316000000001       -1.7410062817187301E-002
   1.0381768000000000       -1.7388933693578530E-002
   1.0384220000000000       -1.7367798421728649E-002
   1.0386671999999999       -1.7346657006992595E-002
   1.0389124000000001       -1.7325509462733125E-002
   1.0391576000000000       -1.7304355801903770E-002
   1.0394028000000000       -1.7283196022653328E-002
   1.0396479999999999       -1.7262030133604105E-002
   1.0398932000000001       -1.7240858144480127E-002
   1.0401384000000000       -1.7219680061616401E-002
   1.0403836000000000       -1.7198495895411232E-002
   1.0406287999999999       -1.7177305650776305E-002
   1.0408740000000001       -1.7156109343659607E-002
   1.0411192000000000       -1.7134906980572337E-002
   1.0413644000000000       -1.7113698563274889E-002
   1.0416095999999999       -1.7092484100500901E-002
   1.0418548000000001       -1.7071263605704119E-002
   1.0421000000000000       -1.7050037076166251E-002
   1.0423452000000000       -1.7028804535822055E-002
   1.0425903999999999       -1.7007565977975866E-002
   1.0428356000000001       -1.6986321427287787E-002
   1.0430808000000000       -1.6965070866485320E-002
   1.0433260000000000       -1.6943814324837918E-002
   1.0435711999999999       -1.6922551807067403E-002
   1.0438164000000001       -1.6901283313761097E-002
   1.0440616000000000       -1.6880008859561486E-002
   1.0443068000000000       -1.6858728454485057E-002
   1.0445519999999999       -1.6837442093275503E-002
   1.0447972000000001       -1.6816149800075387E-002
   1.0450424000000000       -1.6794851570527271E-002
   1.0452876000000000       -1.6773547424895709E-002
   1.0455327999999999       -1.6752237358361326E-002
   1.0457780000000001       -1.6730921394187456E-002
   1.0460232000000000       -1.6709599518339686E-002
   1.0462684000000000       -1.6688271758790313E-002
   1.0465135999999999       -1.6666938120311382E-002
   1.0467587999999999       -1.6645598598766270E-002
   1.0470040000000000       -1.6624253213626816E-002
   1.0472492000000000       -1.6602901971727511E-002
   1.0474943999999999       -1.6581544875987082E-002
   1.0477395999999999       -1.6560181939256149E-002
   1.0479848000000000       -1.6538813171006788E-002
   1.0482300000000000       -1.6517438573218260E-002
   1.0484751999999999       -1.6496058156756071E-002
   1.0487203999999999       -1.6474671933366752E-002
   1.0489656000000001       -1.6453279902399864E-002
   1.0492108000000000       -1.6431882082621484E-002
   1.0494559999999999       -1.6410478478671730E-002
   1.0497011999999999       -1.6389069083868297E-002
   1.0499464000000001       -1.6367653927478271E-002
   1.0501916000000000       -1.6346233009839166E-002
   1.0504367999999999       -1.6324806329438557E-002
   1.0506819999999999       -1.6303373916426334E-002
   1.0509272000000001       -1.6281935757790977E-002
   1.0511724000000000       -1.6260491866221326E-002
   1.0514176000000000       -1.6239042257165489E-002
   1.0516627999999999       -1.6217586936480885E-002
   1.0519080000000001       -1.6196125906061402E-002
   1.0521532000000000       -1.6174659173912507E-002
   1.0523984000000000       -1.6153186762226688E-002
   1.0526435999999999       -1.6131708658371071E-002
   1.0528888000000001       -1.6110224885655101E-002
   1.0531340000000000       -1.6088735445475087E-002
   1.0533792000000000       -1.6067240352160443E-002
   1.0536243999999999       -1.6045739602519551E-002
   1.0538696000000001       -1.6024233215761158E-002
   1.0541148000000000       -1.6002721195530371E-002
   1.0543600000000000       -1.5981203549955473E-002
   1.0546051999999999       -1.5959680281400081E-002
   1.0548504000000001       -1.5938151409349909E-002
   1.0550956000000000       -1.5916616934425316E-002
   1.0553408000000000       -1.5895076861909829E-002
   1.0555859999999999       -1.5873531209287514E-002
   1.0558312000000001       -1.5851979975297831E-002
   1.0560764000000000       -1.5830423174775260E-002
   1.0563216000000000       -1.5808860812175612E-002
   1.0565667999999999       -1.5787292900032269E-002
   1.0568120000000001       -1.5765719437595169E-002
   1.0570572000000000       -1.5744140434476285E-002
   1.0573024000000000       -1.5722555909507198E-002
   1.0575475999999999       -1.5700965859784966E-002
   1.0577928000000001       -1.5679370298353888E-002
   1.0580380000000000       -1.5657769233072476E-002
   1.0582832000000000       -1.5636162670995098E-002
   1.0585283999999999       -1.5614550616000290E-002
   1.0587736000000001       -1.5592933083569814E-002
   1.0590188000000000       -1.5571310076781728E-002
   1.0592640000000000       -1.5549681603997469E-002
   1.0595091999999999       -1.5528047675364223E-002
   1.0597544000000001       -1.5506408298210950E-002
   1.0599996000000000       -1.5484763482459522E-002
   1.0602448000000000       -1.5463113230638911E-002
   1.0604899999999999       -1.5441457553880268E-002
   1.0607351999999999       -1.5419796465581481E-002
   1.0609804000000000       -1.5398129963949243E-002
   1.0612256000000000       -1.5376458063232174E-002
   1.0614707999999999       -1.5354780769592864E-002
   1.0617159999999999       -1.5333098091577227E-002
   1.0619612000000000       -1.5311410035125773E-002
   1.0622064000000000       -1.5289716616995682E-002
   1.0624515999999999       -1.5268017832815735E-002
   1.0626967999999999       -1.5246313698316274E-002
   1.0629420000000001       -1.5224604212091262E-002
   1.0631872000000000       -1.5202889403578492E-002
   1.0634323999999999       -1.5181169254311767E-002
   1.0636775999999999       -1.5159443792127797E-002
   1.0639228000000001       -1.5137713015540833E-002
   1.0641680000000000       -1.5115976932000234E-002
   1.0644131999999999       -1.5094235555406822E-002
   1.0646583999999999       -1.5072488892116874E-002
   1.0649036000000001       -1.5050736944364465E-002
   1.0651488000000000       -1.5028979724799045E-002
   1.0653940000000000       -1.5007217245236333E-002
   1.0656391999999999       -1.4985449508736162E-002
   1.0658844000000001       -1.4963676524735004E-002
   1.0661296000000000       -1.4941898297576405E-002
   1.0663748000000000       -1.4920114842932349E-002
   1.0666199999999999       -1.4898326164364459E-002
   1.0668652000000001       -1.4876532266049231E-002
   1.0671104000000000       -1.4854733161964473E-002
   1.0673556000000000       -1.4832928857805088E-002
   1.0676007999999999       -1.4811119364093800E-002
   1.0678460000000001       -1.4789304683224039E-002
   1.0680912000000000       -1.4767484827698801E-002
   1.0683364000000000       -1.4745659808773079E-002
   1.0685815999999999       -1.4723829624820764E-002
   1.0688268000000001       -1.4701994291848991E-002
   1.0690720000000000       -1.4680153817122437E-002
   1.0693172000000000       -1.4658308203594667E-002
   1.0695623999999999       -1.4636457467528903E-002
   1.0698076000000001       -1.4614601609100369E-002
   1.0700528000000000       -1.4592740638855307E-002
   1.0702980000000000       -1.4570874567363307E-002
   1.0705431999999999       -1.4549003398464603E-002
   1.0707884000000001       -1.4527127142068889E-002
   1.0710336000000000       -1.4505245809848719E-002
   1.0712788000000000       -1.4483359400821455E-002
   1.0715239999999999       -1.4461467934240321E-002
   1.0717692000000001       -1.4439571412183548E-002
   1.0720144000000000       -1.4417669842023957E-002
   1.0722596000000000       -1.4395763231466092E-002
   1.0725047999999999       -1.4373851590907753E-002
   1.0727500000000001       -1.4351934926608073E-002
   1.0729952000000000       -1.4330013247074358E-002
   1.0732404000000000       -1.4308086565194630E-002
   1.0734855999999999       -1.4286154881018117E-002
   1.0737308000000001       -1.4264218206731414E-002
   1.0739760000000000       -1.4242276549057823E-002
   1.0742212000000000       -1.4220329917884663E-002
   1.0744663999999999       -1.4198378318916426E-002
   1.0747115999999999       -1.4176421762014854E-002
   1.0749568000000000       -1.4154460254216761E-002
   1.0752020000000000       -1.4132493806253655E-002
   1.0754471999999999       -1.4110522419468512E-002
   1.0756923999999999       -1.4088546111341357E-002
   1.0759376000000000       -1.4066564880693742E-002
   1.0761828000000000       -1.4044578740058763E-002
   1.0764279999999999       -1.4022587696162003E-002
   1.0766731999999999       -1.4000591762521546E-002
   1.0769184000000001       -1.3978590939896642E-002
   1.0771636000000000       -1.3956585238487721E-002
   1.0774087999999999       -1.3934574667905987E-002
   1.0776539999999999       -1.3912559235745983E-002
   1.0778992000000001       -1.3890538949915486E-002
   1.0781444000000000       -1.3868513812352582E-002
   1.0783895999999999       -1.3846483843919583E-002
   1.0786347999999999       -1.3824449042277656E-002
   1.0788800000000001       -1.3802409418578665E-002
   1.0791252000000000       -1.3780364982531689E-002
   1.0793704000000000       -1.3758315737378013E-002
   1.0796155999999999       -1.3736261696899770E-002
   1.0798608000000001       -1.3714202866936689E-002
   1.0801060000000000       -1.3692139255964882E-002
   1.0803512000000000       -1.3670070869035197E-002
   1.0805963999999999       -1.3647997714600599E-002
   1.0808416000000001       -1.3625919808377015E-002
   1.0810868000000000       -1.3603837147151356E-002
   1.0813320000000000       -1.3581749745010491E-002
   1.0815771999999999       -1.3559657614333163E-002
   1.0818224000000001       -1.3537560750632009E-002
   1.0820676000000000       -1.3515459175065149E-002
   1.0823128000000000       -1.3493352886995385E-002
   1.0825579999999999       -1.3471241898320125E-002
   1.0828032000000001       -1.3449126216977981E-002
   1.0830484000000000       -1.3427005848952045E-002
   1.0832936000000000       -1.3404880804829265E-002
   1.0835387999999999       -1.3382751091931717E-002
   1.0837840000000001       -1.3360616718016550E-002
   1.0840292000000000       -1.3338477691502074E-002
   1.0842744000000000       -1.3316334017044200E-002
   1.0845195999999999       -1.3294185706519718E-002
   1.0847648000000001       -1.3272032763893757E-002
   1.0850100000000000       -1.3249875205487548E-002
   1.0852552000000000       -1.3227713030314656E-002
   1.0855003999999999       -1.3205546251943940E-002
   1.0857456000000001       -1.3183374879220475E-002
   1.0859908000000000       -1.3161198914153677E-002
   1.0862360000000000       -1.3139018369195694E-002
   1.0864811999999999       -1.3116833251640933E-002
   1.0867264000000001       -1.3094643568838443E-002
   1.0869716000000000       -1.3072449330271733E-002
   1.0872168000000000       -1.3050250539550692E-002
   1.0874619999999999       -1.3028047210337190E-002
   1.0877072000000001       -1.3005839348551353E-002
   1.0879524000000000       -1.2983626964049647E-002
   1.0881976000000000       -1.2961410059348751E-002
   1.0884427999999999       -1.2939188648540510E-002
   1.0886879999999999       -1.2916962735800893E-002
   1.0889332000000000       -1.2894732332558794E-002
   1.0891784000000000       -1.2872497442376068E-002
   1.0894235999999999       -1.2850258079611866E-002
   1.0896687999999999       -1.2828014243253966E-002
   1.0899140000000000       -1.2805765949502973E-002
   1.0901592000000000       -1.2783513204709747E-002
   1.0904043999999999       -1.2761256013879752E-002
   1.0906495999999999       -1.2738994386884174E-002
   1.0908948000000001       -1.2716728332467595E-002
   1.0911400000000000       -1.2694457857493431E-002
   1.0913851999999999       -1.2672182970664511E-002
   1.0916303999999999       -1.2649903679971222E-002
   1.0918756000000001       -1.2627619991746355E-002
   1.0921208000000000       -1.2605331916295769E-002
   1.0923659999999999       -1.2583039458459670E-002
   1.0926111999999999       -1.2560742634570141E-002
   1.0928564000000001       -1.2538441444218670E-002
   1.0931016000000000       -1.2516135895060244E-002
   1.0933468000000000       -1.2493826002036482E-002
   1.0935919999999999       -1.2471511768436526E-002
   1.0938372000000001       -1.2449193202094047E-002
   1.0940824000000000       -1.2426870312103157E-002
   1.0943276000000000       -1.2404543105125686E-002
   1.0945727999999999       -1.2382211592321871E-002
   1.0948180000000001       -1.2359875780431595E-002
   1.0950632000000000       -1.2337535675783386E-002
   1.0953084000000000       -1.2315191287362064E-002
   1.0955535999999999       -1.2292842624093053E-002
   1.0957988000000001       -1.2270489694038664E-002
   1.0960440000000000       -1.2248132505166201E-002
   1.0962892000000000       -1.2225771062806007E-002
   1.0965343999999999       -1.2203405377517774E-002
   1.0967796000000001       -1.2181035456467407E-002
   1.0970248000000000       -1.2158661308916865E-002
   1.0972700000000000       -1.2136282944198105E-002
   1.0975151999999999       -1.2113900363332413E-002
   1.0977604000000001       -1.2091513584740012E-002
   1.0980056000000000       -1.2069122607653297E-002
   1.0982508000000000       -1.2046727445861900E-002
   1.0984959999999999       -1.2024328102848198E-002
   1.0987412000000001       -1.2001924589426942E-002
   1.0989864000000000       -1.1979516914288953E-002
   1.0992316000000000       -1.1957105082377805E-002
   1.0994767999999999       -1.1934689103935569E-002
   1.0997220000000001       -1.1912268987464374E-002
   1.0999672000000000       -1.1889844739677705E-002
   1.1002124000000000       -1.1867416368600846E-002
   1.1004575999999999       -1.1844983883191513E-002
   1.1007028000000001       -1.1822547291094348E-002
   1.1009480000000000       -1.1800106599815792E-002
   1.1011932000000000       -1.1777661819183691E-002
   1.1014383999999999       -1.1755212955793348E-002
   1.1016836000000001       -1.1732760016844763E-002
   1.1019288000000000       -1.1710303013106682E-002
   1.1021740000000000       -1.1687841948252975E-002
   1.1024191999999999       -1.1665376835382331E-002
   1.1026643999999999       -1.1642907677744244E-002
   1.1029096000000000       -1.1620434487647659E-002
   1.1031548000000000       -1.1597957271212338E-002
   1.1033999999999999       -1.1575476035265717E-002
   1.1036451999999999       -1.1552990789700590E-002
   1.1038904000000000       -1.1530501540949086E-002
   1.1041356000000000       -1.1508008300216281E-002
   1.1043807999999999       -1.1485511071340023E-002
   1.1046259999999999       -1.1463009865250047E-002
   1.1048712000000001       -1.1440504687251715E-002
   1.1051164000000000       -1.1417995549974887E-002
   1.1053615999999999       -1.1395482456465801E-002
   1.1056067999999999       -1.1372965417622701E-002
   1.1058520000000001       -1.1350444440712889E-002
   1.1060972000000000       -1.1327919535736355E-002
   1.1063423999999999       -1.1305390705835396E-002
   1.1065875999999999       -1.1282857964256305E-002
   1.1068328000000001       -1.1260321317265835E-002
   1.1070780000000000       -1.1237780770048202E-002
   1.1073232000000000       -1.1215236335620080E-002
   1.1075683999999999       -1.1192688018766290E-002
   1.1078136000000001       -1.1170135827801745E-002
   1.1080588000000000       -1.1147579771434797E-002
   1.1083040000000000       -1.1125019856685809E-002
   1.1085491999999999       -1.1102456093832216E-002
   1.1087944000000001       -1.1079888487990382E-002
   1.1090396000000000       -1.1057317049665961E-002
   1.1092848000000000       -1.1034741786086929E-002
   1.1095299999999999       -1.1012162705374605E-002
   1.1097752000000001       -1.0989579813188639E-002
   1.1100204000000000       -1.0966993121373409E-002
   1.1102656000000000       -1.0944402636951898E-002
   1.1105107999999999       -1.0921808365100734E-002
   1.1107560000000001       -1.0899210317438023E-002
   1.1110012000000000       -1.0876608500975229E-002
   1.1112464000000000       -1.0854002923302675E-002
   1.1114915999999999       -1.0831393591805972E-002
   1.1117368000000001       -1.0808780515326015E-002
   1.1119820000000000       -1.0786163701355489E-002
   1.1122272000000000       -1.0763543160601213E-002
   1.1124723999999999       -1.0740918897151544E-002
   1.1127176000000001       -1.0718290919516649E-002
   1.1129628000000000       -1.0695659239014109E-002
   1.1132080000000000       -1.0673023862131181E-002
   1.1134531999999999       -1.0650384793910013E-002
   1.1136984000000001       -1.0627742046438208E-002
   1.1139436000000000       -1.0605095627223374E-002
   1.1141888000000000       -1.0582445543034452E-002
   1.1144339999999999       -1.0559791800564338E-002
   1.1146792000000001       -1.0537134410069128E-002
   1.1149244000000000       -1.0514473380202876E-002
   1.1151696000000000       -1.0491808715954462E-002
   1.1154147999999999       -1.0469140426942211E-002
   1.1156600000000001       -1.0446468523181388E-002
   1.1159052000000000       -1.0423793010054654E-002
   1.1161504000000000       -1.0401113897455891E-002
   1.1163955999999999       -1.0378431192206834E-002
   1.1166407999999999       -1.0355744902149414E-002
   1.1168860000000000       -1.0333055035595971E-002
   1.1171312000000000       -1.0310361600967119E-002
   1.1173763999999999       -1.0287664606191987E-002
   1.1176215999999999       -1.0264964059732720E-002
   1.1178668000000000       -1.0242259967866339E-002
   1.1181120000000000       -1.0219552340823449E-002
   1.1183571999999999       -1.0196841185144384E-002
   1.1186023999999999       -1.0174126509708821E-002
   1.1188476000000001       -1.0151408322773383E-002
   1.1190928000000000       -1.0128686631279395E-002
   1.1193379999999999       -1.0105961443126581E-002
   1.1195831999999999       -1.0083232769589478E-002
   1.1198284000000001       -1.0060500614673201E-002
   1.1200736000000000       -1.0037764987469054E-002
   1.1203187999999999       -1.0015025896036466E-002
   1.1205639999999999       -9.9922833502044551E-003
   1.1208092000000001       -9.9695373553136662E-003
   1.1210544000000000       -9.9467879224267378E-003
   1.1212996000000000       -9.9240350565015737E-003
   1.1215447999999999       -9.9012787677469436E-003
   1.1217900000000001       -9.8785190632003674E-003
   1.1220352000000000       -9.8557559512532540E-003
   1.1222804000000000       -9.8329894394900245E-003
   1.1225255999999999       -9.8102195364472046E-003
   1.1227708000000001       -9.7874462496681108E-003
   1.1230160000000000       -9.7646695880367097E-003
   1.1232612000000000       -9.7418895587864998E-003
   1.1235063999999999       -9.7191061703041128E-003
   1.1237516000000001       -9.6963194305217451E-003
   1.1239968000000000       -9.6735293468527828E-003
   1.1242420000000000       -9.6507359294773967E-003
   1.1244871999999999       -9.6279391831371082E-003
   1.1247324000000001       -9.6051391193272915E-003
   1.1249776000000000       -9.5823357437803732E-003
   1.1252228000000000       -9.5595290646321059E-003
   1.1254679999999999       -9.5367190908628181E-003
   1.1257132000000001       -9.5139058303729592E-003
   1.1259584000000000       -9.4910892908204366E-003
   1.1262036000000000       -9.4682694799455101E-003
   1.1264487999999999       -9.4454464070254009E-003
   1.1266940000000001       -9.4226200785848292E-003
   1.1269392000000000       -9.3997905039092788E-003
   1.1271844000000000       -9.3769576899882679E-003
   1.1274295999999999       -9.3541216451585897E-003
   1.1276748000000001       -9.3312823780051617E-003
   1.1279200000000000       -9.3084398958928720E-003
   1.1281652000000000       -9.2855942072596256E-003
   1.1284103999999999       -9.2627453207733794E-003
   1.1286556000000001       -9.2398932424400601E-003
   1.1289008000000000       -9.2170379826491816E-003
   1.1291460000000000       -9.1941795486117587E-003
   1.1293911999999999       -9.1713179465415882E-003
   1.1296364000000001       -9.1484531876432351E-003
   1.1298816000000000       -9.1255852779855984E-003
   1.1301268000000000       -9.1027142256542067E-003
   1.1303719999999999       -9.0798400395346625E-003
   1.1306171999999999       -9.0569627273535142E-003
   1.1308624000000000       -9.0340822958885261E-003
   1.1311076000000000       -9.0111987546548332E-003
   1.1313527999999999       -8.9883121115676961E-003
   1.1315979999999999       -8.9654223743292627E-003
   1.1318432000000000       -8.9425295513303627E-003
   1.1320884000000000       -8.9196336501140370E-003
   1.1323335999999999       -8.8967346784496262E-003
   1.1325787999999999       -8.8738326458145302E-003
   1.1328240000000001       -8.8509275580398086E-003
   1.1330692000000000       -8.8280194246927388E-003
   1.1333143999999999       -8.8051082544386462E-003
   1.1335595999999999       -8.7821940524961985E-003
   1.1338048000000001       -8.7592768300583310E-003
   1.1340500000000000       -8.7363565945452453E-003
   1.1342951999999999       -8.7134333519931044E-003
   1.1345403999999999       -8.6905071121615406E-003
   1.1347856000000001       -8.6675778830338050E-003
   1.1350308000000000       -8.6446456718672886E-003
   1.1352760000000000       -8.6217104878521505E-003
   1.1355211999999999       -8.5987723379220369E-003
   1.1357664000000001       -8.5758312304213269E-003
   1.1360116000000000       -8.5528871736655736E-003
   1.1362568000000000       -8.5299401752109687E-003
   1.1365019999999999       -8.5069902435932054E-003
   1.1367472000000001       -8.4840373863771575E-003
   1.1369924000000000       -8.4610816121060348E-003
   1.1372376000000000       -8.4381229287692362E-003
   1.1374827999999999       -8.4151613441169181E-003
   1.1377280000000001       -8.3921968661171374E-003
   1.1379732000000000       -8.3692295032423234E-003
   1.1382184000000000       -8.3462592628490324E-003
   1.1384635999999999       -8.3232861532144178E-003
   1.1387088000000001       -8.3003101830140067E-003
   1.1389540000000000       -8.2773313602369468E-003
   1.1391992000000000       -8.2543496916759936E-003
   1.1394443999999999       -8.2313651860765179E-003
   1.1396896000000001       -8.2083778521475047E-003
   1.1399348000000000       -8.1853876970207698E-003
   1.1401800000000000       -8.1623947293885842E-003
   1.1404251999999999       -8.1393989565477429E-003
   1.1406704000000001       -8.1164003874467112E-003
   1.1409156000000000       -8.0933990296812933E-003
   1.1411608000000000       -8.0703948908534742E-003
   1.1414059999999999       -8.0473879791990860E-003
   1.1416512000000001       -8.0243783032533274E-003
   1.1418964000000000       -8.0013658706991637E-003
   1.1421416000000000       -7.9783506896287763E-003
   1.1423867999999999       -7.9553327679903994E-003
   1.1426320000000001       -7.9323121144731727E-003
   1.1428772000000000       -7.9092887355887310E-003
   1.1431224000000000       -7.8862626409024611E-003
   1.1433675999999999       -7.8632338375112919E-003
   1.1436128000000001       -7.8402023340443730E-003
   1.1438580000000000       -7.8171681382908729E-003
   1.1441032000000000       -7.7941312583397681E-003
   1.1443483999999999       -7.7710917023189529E-003
   1.1445935999999999       -7.7480494778522360E-003
   1.1448388000000000       -7.7250045931565427E-003
   1.1450840000000000       -7.7019570566458318E-003
   1.1453291999999999       -7.6789068763206385E-003
   1.1455743999999999       -7.6558540594450445E-003
   1.1458196000000000       -7.6327986154893857E-003
   1.1460648000000000       -7.6097405506986120E-003
   1.1463099999999999       -7.5866798741216733E-003
   1.1465551999999999       -7.5636165937034636E-003
   1.1468004000000001       -7.5405507175784498E-003
   1.1470456000000000       -7.5174822537734656E-003
   1.1472907999999999       -7.4944112100318906E-003
   1.1475359999999999       -7.4713375947151311E-003
   1.1477812000000001       -7.4482614157322345E-003
   1.1480264000000000       -7.4251826808439331E-003
   1.1482715999999999       -7.4021013982234658E-003
   1.1485167999999999       -7.3790175764277622E-003
   1.1487620000000001       -7.3559312229672406E-003
   1.1490072000000000       -7.3328423459056956E-003
   1.1492524000000000       -7.3097509536504705E-003
   1.1494975999999999       -7.2866570537514714E-003
   1.1497428000000001       -7.2635606544778969E-003
   1.1499880000000000       -7.2404617636852983E-003
   1.1502332000000000       -7.2173603899072635E-003
   1.1504783999999999       -7.1942565404767749E-003
   1.1507236000000001       -7.1711502239912147E-003
   1.1509688000000000       -7.1480414483367210E-003
   1.1512140000000000       -7.1249302216750184E-003
   1.1514591999999999       -7.1018165515598676E-003
   1.1517044000000001       -7.0787004463777978E-003
   1.1519496000000000       -7.0555819142633014E-003
   1.1521948000000000       -7.0324609629023828E-003
   1.1524399999999999       -7.0093376006733080E-003
   1.1526852000000001       -6.9862118357119814E-003
   1.1529304000000000       -6.9630836755252496E-003
   1.1531756000000000       -6.9399531286333622E-003
   1.1534207999999999       -6.9168202028740879E-003
   1.1536660000000001       -6.8936849063623296E-003
   1.1539112000000000       -6.8705472469341340E-003
   1.1541564000000000       -6.8474072327987879E-003
   1.1544015999999999       -6.8242648722313436E-003
   1.1546468000000001       -6.8011201725088986E-003
   1.1548920000000000       -6.7779731423980340E-003
   1.1551372000000000       -6.7548237897278787E-003
   1.1553823999999999       -6.7316721227270292E-003
   1.1556276000000001       -6.7085181489999366E-003
   1.1558728000000000       -6.6853618769231841E-003
   1.1561180000000000       -6.6622033140028300E-003
   1.1563631999999999       -6.6390424691003466E-003
   1.1566084000000001       -6.6158793496150121E-003
   1.1568536000000000       -6.5927139640290311E-003
   1.1570988000000000       -6.5695463199051465E-003
   1.1573439999999999       -6.5463764254095847E-003
   1.1575892000000001       -6.5232042890530414E-003
   1.1578344000000000       -6.5000299183272979E-003
   1.1580796000000000       -6.4768533214738366E-003
   1.1583247999999999       -6.4536745063568796E-003
   1.1585699999999999       -6.4304934814784932E-003
   1.1588152000000000       -6.4073102543530710E-003
   1.1590604000000000       -6.3841248332049639E-003
   1.1593055999999999       -6.3609372261026285E-003
   1.1595507999999999       -6.3377474411850307E-003
   1.1597960000000000       -6.3145554862949257E-003
   1.1600412000000000       -6.2913613697779215E-003
   1.1602863999999999       -6.2681650989354631E-003
   1.1605315999999999       -6.2449666827873226E-003
   1.1607768000000001       -6.2217661287863671E-003
   1.1610220000000000       -6.1985634449608588E-003
   1.1612671999999999       -6.1753586394909877E-003
   1.1615123999999999       -6.1521517204630857E-003
   1.1617576000000001       -6.1289426956324016E-003
   1.1620028000000000       -6.1057315734455511E-003
   1.1622479999999999       -6.0825183615833972E-003
   1.1624931999999999       -6.0593030684471033E-003
   1.1627384000000001       -6.0360857016708083E-003
   1.1629836000000000       -6.0128662694987371E-003
   1.1632288000000000       -5.9896447800803958E-003
   1.1634739999999999       -5.9664212410856267E-003
   1.1637192000000001       -5.9431956610623629E-003
   1.1639644000000000       -5.9199680476113032E-003
   1.1642096000000000       -5.8967384089153889E-003
   1.1644547999999999       -5.8735067530247750E-003
   1.1647000000000001       -5.8502730880670741E-003
   1.1649452000000000       -5.8270374218696349E-003
   1.1651904000000000       -5.8037997626810053E-003
   1.1654355999999999       -5.7805601184399728E-003
   1.1656808000000001       -5.7573184970175157E-003
   1.1659260000000000       -5.7340749067757452E-003
   1.1661712000000000       -5.7108293555108340E-003
   1.1664163999999999       -5.6875818514522895E-003
   1.1666616000000001       -5.6643324024593517E-003
   1.1669068000000000       -5.6410810166417306E-003
   1.1671520000000000       -5.6178277021071109E-003
   1.1673971999999999       -5.5945724666457324E-003
   1.1676424000000001       -5.5713153187241784E-003
   1.1678876000000000       -5.5480562657512613E-003
   1.1681328000000000       -5.5247953164969336E-003
   1.1683779999999999       -5.5015324784564159E-003
   1.1686232000000001       -5.4782677597592375E-003
   1.1688684000000000       -5.4550011687099133E-003
   1.1691136000000000       -5.4317327129968567E-003
   1.1693587999999999       -5.4084624010396296E-003
   1.1696040000000001       -5.3851902404520357E-003
   1.1698492000000000       -5.3619162395541270E-003
   1.1700944000000000       -5.3386404062618319E-003
   1.1703395999999999       -5.3153627486169138E-003
   1.1705848000000001       -5.2920832747785813E-003
   1.1708300000000000       -5.2688019926748564E-003
   1.1710752000000000       -5.2455189102568311E-003
   1.1713203999999999       -5.2222340358672849E-003
   1.1715656000000001       -5.1989473773200647E-003
   1.1718108000000000       -5.1756589425693989E-003
   1.1720560000000000       -5.1523687396858690E-003
   1.1723011999999999       -5.1290767769098817E-003
   1.1725463999999999       -5.1057830621420693E-003
   1.1727916000000000       -5.0824876034689052E-003
   1.1730368000000000       -5.0591904086906628E-003
   1.1732819999999999       -5.0358914862113921E-003
   1.1735271999999999       -5.0125908438845681E-003
   1.1737724000000000       -4.9892884896969494E-003
   1.1740176000000000       -4.9659844316555825E-003
   1.1742627999999999       -4.9426786780220619E-003
   1.1745079999999999       -4.9193712365946749E-003
   1.1747532000000001       -4.8960621156038976E-003
   1.1749984000000000       -4.8727513229238897E-003
   1.1752435999999999       -4.8494388666838160E-003
   1.1754887999999999       -4.8261247549498329E-003
   1.1757340000000001       -4.8028089955986127E-003
   1.1759792000000000       -4.7794915968605439E-003
   1.1762243999999999       -4.7561725666335798E-003
   1.1764695999999999       -4.7328519130080890E-003
   1.1767148000000001       -4.7095296440461953E-003
   1.1769600000000000       -4.6862057677004602E-003
   1.1772052000000000       -4.6628802921053732E-003
   1.1774503999999999       -4.6395532252587711E-003
   1.1776956000000001       -4.6162245751601560E-003
   1.1779408000000000       -4.5928943499136225E-003
   1.1781860000000000       -4.5695625575361224E-003
   1.1784311999999999       -4.5462292060051406E-003
   1.1786764000000001       -4.5228943034742747E-003
   1.1789216000000000       -4.4995578578604254E-003
   1.1791668000000000       -4.4762198772641563E-003
   1.1794119999999999       -4.4528803697149941E-003
   1.1796572000000001       -4.4295393431860938E-003
   1.1799024000000000       -4.4061968058396262E-003
   1.1801476000000000       -4.3828527655777076E-003
   1.1803927999999999       -4.3595072304694893E-003
   1.1806380000000001       -4.3361602087054031E-003
   1.1808832000000000       -4.3128117080955758E-003
   1.1811284000000000       -4.2894617368837594E-003
   1.1813735999999999       -4.2661103029024757E-003
   1.1816188000000001       -4.2427574143481927E-003
   1.1818640000000000       -4.2194030791281954E-003
   1.1821092000000000       -4.1960473054326545E-003
   1.1823543999999999       -4.1726901011811222E-003
   1.1825996000000001       -4.1493314744536136E-003
   1.1828448000000000       -4.1259714332628284E-003
   1.1830900000000000       -4.1026099856618977E-003
   1.1833351999999999       -4.0792471396532519E-003
   1.1835804000000001       -4.0558829033917445E-003
   1.1838256000000000       -4.0325172847430930E-003
   1.1840708000000000       -4.0091502918888034E-003
   1.1843159999999999       -3.9857819327712464E-003
   1.1845612000000001       -3.9624122154644972E-003
   1.1848064000000000       -3.9390411479972949E-003
   1.1850516000000000       -3.9156687384351487E-003
   1.1852967999999999       -3.8922949947547253E-003
   1.1855420000000001       -3.8689199250904688E-003
   1.1857872000000000       -3.8455435373511778E-003
   1.1860324000000000       -3.8221658396810714E-003
   1.1862775999999999       -3.7987868400767726E-003
   1.1865227999999999       -3.7754065465232653E-003
   1.1867680000000000       -3.7520249671616612E-003
   1.1870132000000000       -3.7286421099784017E-003
   1.1872583999999999       -3.7052579829754606E-003
   1.1875035999999999       -3.6818725941929541E-003
   1.1877488000000000       -3.6584859517334442E-003
   1.1879940000000000       -3.6350980635930911E-003
   1.1882391999999999       -3.6117089377928893E-003
   1.1884843999999999       -3.5883185824173436E-003
   1.1887296000000001       -3.5649270054714426E-003
   1.1889748000000000       -3.5415342149732599E-003
   1.1892199999999999       -3.5181402189755290E-003
   1.1894651999999999       -3.4947450255057204E-003
   1.1897104000000001       -3.4713486426601100E-003
   1.1899556000000000       -3.4479510783734205E-003
   1.1902007999999999       -3.4245523407783291E-003
   1.1904459999999999       -3.4011524378565147E-003
   1.1906912000000001       -3.3777513776441764E-003
   1.1909364000000000       -3.3543491682177513E-003
   1.1911816000000000       -3.3309458175653597E-003
   1.1914267999999999       -3.3075413337655913E-003
   1.1916720000000001       -3.2841357248327781E-003
   1.1919172000000000       -3.2607289987916367E-003
   1.1921624000000000       -3.2373211637031899E-003
   1.1924075999999999       -3.2139122276110335E-003
   1.1926528000000001       -3.1905021985164381E-003
   1.1928980000000000       -3.1670910844745631E-003
   1.1931432000000000       -3.1436788935215493E-003
   1.1933883999999999       -3.1202656337050573E-003
   1.1936336000000001       -3.0968513130360952E-003
   1.1938788000000000       -3.0734359395941072E-003
   1.1941240000000000       -3.0500195213794315E-003
   1.1943691999999999       -3.0266020664329340E-003
   1.1946144000000001       -3.0031835828027362E-003
   1.1948596000000000       -2.9797640784916249E-003
   1.1951048000000000       -2.9563435615913534E-003
   1.1953499999999999       -2.9329220401046944E-003
   1.1955952000000001       -2.9094995220765689E-003
   1.1958404000000000       -2.8860760155437794E-003
   1.1960856000000000       -2.8626515285280329E-003
   1.1963307999999999       -2.8392260690871590E-003
   1.1965760000000001       -2.8157996452503760E-003
   1.1968212000000000       -2.7923722650486475E-003
   1.1970664000000000       -2.7689439365273663E-003
   1.1973115999999999       -2.7455146677217239E-003
   1.1975568000000001       -2.7220844666518847E-003
   1.1978020000000000       -2.6986533413775405E-003
   1.1980472000000000       -2.6752212999243065E-003
   1.1982923999999999       -2.6517883503301581E-003
   1.1985376000000001       -2.6283545006334265E-003
   1.1987828000000000       -2.6049197588755070E-003
   1.1990280000000000       -2.5814841330792735E-003
   1.1992731999999999       -2.5580476312940534E-003
   1.1995184000000001       -2.5346102615526707E-003
   1.1997636000000000       -2.5111720318741781E-003
   1.2000088000000000       -2.4877329503327004E-003
   1.2002539999999999       -2.4642930249339462E-003
   1.2004991999999999       -2.4408522637200010E-003
   1.2007444000000000       -2.4174106747419117E-003
   1.2009896000000000       -2.3939682660280323E-003
   1.2012347999999999       -2.3705250456027846E-003
   1.2014799999999999       -2.3470810215142374E-003
   1.2017252000000000       -2.3236362018016648E-003
   1.2019704000000000       -2.3001905944989220E-003
   1.2022155999999999       -2.2767442076457711E-003
   1.2024607999999999       -2.2532970492677579E-003
   1.2027060000000001       -2.2298491274096387E-003
   1.2029512000000000       -2.2064004501095333E-003
   1.2031963999999999       -2.1829510254020696E-003
   1.2034415999999999       -2.1595008613192837E-003
   1.2036868000000001       -2.1360499659047322E-003
   1.2039320000000000       -2.1125983471934379E-003
   1.2041771999999999       -2.0891460132180526E-003
   1.2044223999999999       -2.0656929720238443E-003
   1.2046676000000001       -2.0422392316367614E-003
   1.2049128000000000       -2.0187848001032246E-003
   1.2051580000000000       -1.9953296854502396E-003
   1.2054031999999999       -1.9718738957216829E-003
   1.2056484000000001       -1.9484174389479525E-003
   1.2058936000000000       -1.9249603231758523E-003
   1.2061388000000000       -1.9015025564306088E-003
   1.2063839999999999       -1.8780441467552782E-003
   1.2066292000000001       -1.8545851021874616E-003
   1.2068744000000000       -1.8311254307590537E-003
   1.2071196000000000       -1.8076651405087671E-003
   1.2073647999999999       -1.7842042394772258E-003
   1.2076100000000001       -1.7607427356933080E-003
   1.2078552000000000       -1.7372806371980410E-003
   1.2081004000000000       -1.7138179520319147E-003
   1.2083455999999999       -1.6903546882249519E-003
   1.2085908000000001       -1.6668908538154631E-003
   1.2088360000000000       -1.6434264568425865E-003
   1.2090812000000000       -1.6199615053416406E-003
   1.2093263999999999       -1.5964960073483040E-003
   1.2095716000000001       -1.5730299708983282E-003
   1.2098168000000000       -1.5495634040323285E-003
   1.2100620000000000       -1.5260963147825067E-003
   1.2103071999999999       -1.5026287111886431E-003
   1.2105524000000001       -1.4791606012863783E-003
   1.2107976000000000       -1.4556919931111606E-003
   1.2110428000000000       -1.4322228947024668E-003
   1.2112879999999999       -1.4087533140933488E-003
   1.2115332000000001       -1.3852832593241628E-003
   1.2117784000000000       -1.3618127384286468E-003
   1.2120236000000000       -1.3383417594445620E-003
   1.2122687999999999       -1.3148703304081838E-003
   1.2125140000000001       -1.2913984593575483E-003
   1.2127592000000000       -1.2679261543268095E-003
   1.2130044000000000       -1.2444534233538214E-003
   1.2132495999999999       -1.2209802744766996E-003
   1.2134948000000001       -1.1975067157299973E-003
   1.2137400000000000       -1.1740327551510014E-003
   1.2139852000000000       -1.1505584007769651E-003
   1.2142303999999999       -1.1270836606435035E-003
   1.2144755999999999       -1.1036085427883493E-003
   1.2147208000000000       -1.0801330552470600E-003
   1.2149660000000000       -1.0566572060569993E-003
   1.2152111999999999       -1.0331810032549059E-003
   1.2154563999999999       -1.0097044548770897E-003
   1.2157016000000000       -9.8622756895965619E-004
   1.2159468000000000       -9.6275035354077777E-004
   1.2161919999999999       -9.3927281665570704E-004
   1.2164371999999999       -9.1579496634127051E-004
   1.2166824000000001       -8.9231681063457182E-004
   1.2169276000000000       -8.6883835757208601E-004
   1.2171727999999999       -8.4535961519037950E-004
   1.2174179999999999       -8.2188059152605566E-004
   1.2176632000000001       -7.9840129461588704E-004
   1.2179084000000000       -7.7492173249647193E-004
   1.2181535999999999       -7.5144191320446793E-004
   1.2183987999999999       -7.2796184477650044E-004
   1.2186440000000001       -7.0448153524928800E-004
   1.2188892000000000       -6.8100099265931712E-004
   1.2191344000000000       -6.5752022504326113E-004
   1.2193795999999999       -6.3403924043793462E-004
   1.2196248000000001       -6.1055804687975797E-004
   1.2198700000000000       -5.8707665240555760E-004
   1.2201152000000000       -5.6359506505186826E-004
   1.2203603999999999       -5.4011329285535959E-004
   1.2206056000000001       -5.1663134385267456E-004
   1.2208508000000000       -4.9314922608047283E-004
   1.2210960000000000       -4.6966694757536771E-004
   1.2213411999999999       -4.4618451637404386E-004
   1.2215864000000001       -4.2270194051312500E-004
   1.2218316000000000       -3.9921922802924748E-004
   1.2220768000000000       -3.7573638695906320E-004
   1.2223219999999999       -3.5225342533921742E-004
   1.2225672000000001       -3.2877035120635120E-004
   1.2228124000000000       -3.0528717259711114E-004
   1.2230576000000000       -2.8180389754813842E-004
   1.2233027999999999       -2.5832053409608028E-004
   1.2235480000000001       -2.3483709027758489E-004
   1.2237932000000000       -2.1135357412928565E-004
   1.2240384000000000       -1.8786999368783440E-004
   1.2242835999999999       -1.6438635698987487E-004
   1.2245288000000001       -1.4090267207204907E-004
   1.2247740000000000       -1.1741894697100246E-004
   1.2250192000000000       -9.3935189723378827E-005
   1.2252643999999999       -7.0451408365823192E-005
   1.2255096000000001       -4.6967610934977920E-005
   1.2257548000000000       -2.3483805467488960E-005
   1.2260000000000000        0.0000000000000000     
