#abscisse               ordonnée
   0.0000000000000000        0.0000000000000000     
   4.9975012493753122E-004  -4.9950037475015414E-004
   9.9950024987506244E-004  -9.9850124912555585E-004
   1.4992503748125937E-003  -1.4970026231262096E-003
   1.9990004997501249E-003  -1.9950044967521180E-003
   2.4987506246876559E-003  -2.4925068700032693E-003
   2.9985007496251873E-003  -2.9895097428796705E-003
   3.4982508745627187E-003  -3.4860131153813248E-003
   3.9980009995002497E-003  -3.9820169875082450E-003
   4.4977511244377807E-003  -4.4775213592603991E-003
   4.9975012493753117E-003  -4.9725262306378011E-003
   5.4972513743128436E-003  -5.4670316016404482E-003
   5.9970014992503746E-003  -5.9610374722683475E-003
   6.4967516241879056E-003  -6.4545438425214971E-003
   6.9965017491254375E-003  -6.9475507123999006E-003
   7.4962518740629685E-003  -7.4400580819035528E-003
   7.9960019990004995E-003  -7.9320659510324805E-003
   8.4957521239380305E-003  -8.4235743197866343E-003
   8.9955022488755615E-003  -8.9145831881660385E-003
   9.4952523738130925E-003  -9.4050925561706914E-003
   9.9950024987506235E-003  -9.8951024238005929E-003
   1.0494752623688156E-002  -1.0384612791055743E-002
   1.0994502748625687E-002  -1.0873623657936144E-002
   1.1494252873563218E-002  -1.1362135024441793E-002
   1.1994002998500749E-002  -1.1850146890572696E-002
   1.2493753123438280E-002  -1.2337659256328844E-002
   1.2993503248375811E-002  -1.2824672121710243E-002
   1.3493253373313342E-002  -1.3311185486716899E-002
   1.3993003498250875E-002  -1.3797199351348797E-002
   1.4492753623188406E-002  -1.4282713715605947E-002
   1.4992503748125937E-002  -1.4767728579488349E-002
   1.5492253873063468E-002  -1.5252243942995996E-002
   1.5992003998000999E-002  -1.5736259806128916E-002
   1.6491754122938532E-002  -1.6219776168887066E-002
   1.6991504247876061E-002  -1.6702793031270466E-002
   1.7491254372813594E-002  -1.7185310393279116E-002
   1.7991004497751123E-002  -1.7667328254913017E-002
   1.8490754622688656E-002  -1.8148846616172169E-002
   1.8990504747626185E-002  -1.8629865477056567E-002
   1.9490254872563718E-002  -1.9110384837566215E-002
   1.9990004997501247E-002  -1.9590404697701114E-002
   2.0489755122438780E-002  -2.0069925057461264E-002
   2.0989505247376312E-002  -2.0548945916846664E-002
   2.1489255372313842E-002  -2.1027467275857314E-002
   2.1989005497251374E-002  -2.1505489134493214E-002
   2.2488755622188904E-002  -2.1983011492754362E-002
   2.2988505747126436E-002  -2.2460034350640760E-002
   2.3488255872063966E-002  -2.2936557708152408E-002
   2.3988005997001498E-002  -2.3412581565289307E-002
   2.4487756121939031E-002  -2.3888105922051456E-002
   2.4987506246876560E-002  -2.4363130778438855E-002
   2.5487256371814093E-002  -2.4837656134451502E-002
   2.5987006496751622E-002  -2.5311681990089398E-002
   2.6486756621689155E-002  -2.5785208345352546E-002
   2.6986506746626684E-002  -2.6258235200240943E-002
   2.7486256871564217E-002  -2.6730762554754591E-002
   2.7986006996501750E-002  -2.7202790408893486E-002
   2.8485757121439279E-002  -2.7674318762657631E-002
   2.8985507246376812E-002  -2.8145347616047027E-002
   2.9485257371314341E-002  -2.8615876969061673E-002
   2.9985007496251874E-002  -2.9085906821701570E-002
   3.0484757621189403E-002  -2.9555437173966716E-002
   3.0984507746126936E-002  -3.0024468025857114E-002
   3.1484257871064465E-002  -3.0492999377372758E-002
   3.1984007996001998E-002  -3.0961031228513652E-002
   3.2483758120939531E-002  -3.1428563579279797E-002
   3.2983508245877063E-002  -3.1895596429671193E-002
   3.3483258370814589E-002  -3.2362129779687838E-002
   3.3983008495752122E-002  -3.2828163629329735E-002
   3.4482758620689655E-002  -3.3293697978596881E-002
   3.4982508745627187E-002  -3.3758732827489278E-002
   3.5482258870564713E-002  -3.4223268176006925E-002
   3.5982008995502246E-002  -3.4687304024149823E-002
   3.6481759120439779E-002  -3.5150840371917964E-002
   3.6981509245377311E-002  -3.5613877219311356E-002
   3.7481259370314844E-002  -3.6076414566329998E-002
   3.7981009495252370E-002  -3.6538452412973890E-002
   3.8480759620189903E-002  -3.6999990759243033E-002
   3.8980509745127435E-002  -3.7461029605137426E-002
   3.9480259870064968E-002  -3.7921568950657070E-002
   3.9980009995002494E-002  -3.8381608795801964E-002
   4.0479760119940027E-002  -3.8841149140572108E-002
   4.0979510244877559E-002  -3.9300189984967503E-002
   4.1479260369815092E-002  -3.9758731328988148E-002
   4.1979010494752625E-002  -4.0216773172634043E-002
   4.2478760619690151E-002  -4.0674315515905189E-002
   4.2978510744627683E-002  -4.1131358358801579E-002
   4.3478260869565216E-002  -4.1587901701323218E-002
   4.3978010994502749E-002  -4.2043945543470108E-002
   4.4477761119440282E-002  -4.2499489885242249E-002
   4.4977511244377807E-002  -4.2954534726639640E-002
   4.5477261369315340E-002  -4.3409080067662281E-002
   4.5977011494252873E-002  -4.3863125908310173E-002
   4.6476761619190406E-002  -4.4316672248583315E-002
   4.6976511744127931E-002  -4.4769719088481708E-002
   4.7476261869065464E-002  -4.5222266428005350E-002
   4.7976011994002997E-002  -4.5674314267154244E-002
   4.8475762118940530E-002  -4.6125862605928387E-002
   4.8975512243878062E-002  -4.6576911444327775E-002
   4.9475262368815588E-002  -4.7027460782352412E-002
   4.9975012493753121E-002  -4.7477510620002300E-002
   5.0474762618690654E-002  -4.7927060957277438E-002
   5.0974512743628186E-002  -4.8376111794177827E-002
   5.1474262868565712E-002  -4.8824663130703466E-002
   5.1974012993503245E-002  -4.9272714966854356E-002
   5.2473763118440778E-002  -4.9720267302630496E-002
   5.2973513243378310E-002  -5.0167320138031886E-002
   5.3473263368315843E-002  -5.0613873473058527E-002
   5.3973013493253369E-002  -5.1059927307710418E-002
   5.4472763618190902E-002  -5.1505481641987559E-002
   5.4972513743128434E-002  -5.1950536475889944E-002
   5.5472263868065967E-002  -5.2395091809417579E-002
   5.5972013993003500E-002  -5.2839147642570465E-002
   5.6471764117941026E-002  -5.3282703975348601E-002
   5.6971514242878558E-002  -5.3725760807751988E-002
   5.7471264367816091E-002  -5.4168318139780625E-002
   5.7971014492753624E-002  -5.4610375971434512E-002
   5.8470764617691150E-002  -5.5051934302713650E-002
   5.8970514742628682E-002  -5.5492993133618038E-002
   5.9470264867566215E-002  -5.5933552464147676E-002
   5.9970014992503748E-002  -5.6373612294302565E-002
   6.0469765117441281E-002  -5.6813172624082704E-002
   6.0969515242378806E-002  -5.7252233453488094E-002
   6.1469265367316339E-002  -5.7690794782518727E-002
   6.1969015492253872E-002  -5.8128856611174611E-002
   6.2468765617191405E-002  -5.8566418939455744E-002
   6.2968515742128930E-002  -5.9003481767362129E-002
   6.3468265867066470E-002  -5.9440045094893763E-002
   6.3968015992003996E-002  -5.9876108922050648E-002
   6.4467766116941522E-002  -6.0311673248832784E-002
   6.4967516241879061E-002  -6.0746738075240170E-002
   6.5467266366816587E-002  -6.1181303401272806E-002
   6.5967016491754127E-002  -6.1615369226930693E-002
   6.6466766616691653E-002  -6.2048935552213830E-002
   6.6966516741629178E-002  -6.2482002377122217E-002
   6.7466266866566718E-002  -6.2914569701655848E-002
   6.7966016991504244E-002  -6.3346637525814736E-002
   6.8465767116441784E-002  -6.3778205849598868E-002
   6.8965517241379309E-002  -6.4209274673008257E-002
   6.9465267366316835E-002  -6.4639843996042889E-002
   6.9965017491254375E-002  -6.5069913818702779E-002
   7.0464767616191901E-002  -6.5499484140987912E-002
   7.0964517741129426E-002  -6.5928554962898289E-002
   7.1464267866066966E-002  -6.6357126284433923E-002
   7.1964017991004492E-002  -6.6785198105594801E-002
   7.2463768115942032E-002  -6.7212770426380936E-002
   7.2963518240879557E-002  -6.7639843246792314E-002
   7.3463268365817083E-002  -6.8066416566828949E-002
   7.3963018490754623E-002  -6.8492490386490829E-002
   7.4462768615692149E-002  -6.8918064705777965E-002
   7.4962518740629688E-002  -6.9343139524690345E-002
   7.5462268865567214E-002  -6.9767714843227982E-002
   7.5962018990504740E-002  -7.0191790661390863E-002
   7.6461769115442280E-002  -7.0615366979179001E-002
   7.6961519240379805E-002  -7.1038443796592382E-002
   7.7461269365317345E-002  -7.1461021113631007E-002
   7.7961019490254871E-002  -7.1883098930294889E-002
   7.8460769615192397E-002  -7.2304677246584015E-002
   7.8960519740129936E-002  -7.2725756062498398E-002
   7.9460269865067462E-002  -7.3146335378038024E-002
   7.9960019990004988E-002  -7.3566415193202908E-002
   8.0459770114942528E-002  -7.3985995507993035E-002
   8.0959520239880053E-002  -7.4405076322408420E-002
   8.1459270364817593E-002  -7.4823657636449048E-002
   8.1959020489755119E-002  -7.5241739450114933E-002
   8.2458770614692645E-002  -7.5659321763406062E-002
   8.2958520739630184E-002  -7.6076404576322448E-002
   8.3458270864567710E-002  -7.6492987888864078E-002
   8.3958020989505250E-002  -7.6909071701030951E-002
   8.4457771114442776E-002  -7.7324656012823081E-002
   8.4957521239380301E-002  -7.7739740824240455E-002
   8.5457271364317841E-002  -7.8154326135283086E-002
   8.5957021489255367E-002  -7.8568411945950961E-002
   8.6456771614192907E-002  -7.8981998256244093E-002
   8.6956521739130432E-002  -7.9395085066162469E-002
   8.7456271864067958E-002  -7.9807672375706101E-002
   8.7956021989005498E-002  -8.0219760184874978E-002
   8.8455772113943024E-002  -8.0631348493669111E-002
   8.8955522238880563E-002  -8.1042437302088488E-002
   8.9455272363818089E-002  -8.1453026610133122E-002
   8.9955022488755615E-002  -8.1863116417803000E-002
   9.0454772613693155E-002  -8.2272706725098121E-002
   9.0954522738630680E-002  -8.2681797532018500E-002
   9.1454272863568206E-002  -8.3090388838564122E-002
   9.1954022988505746E-002  -8.3498480644735001E-002
   9.2453773113443272E-002  -8.3906072950531124E-002
   9.2953523238380811E-002  -8.4313165755952504E-002
   9.3453273363318337E-002  -8.4719759060999128E-002
   9.3953023488255863E-002  -8.5125852865671009E-002
   9.4452773613193403E-002  -8.5531447169968133E-002
   9.4952523738130928E-002  -8.5936541973890515E-002
   9.5452273863068468E-002  -8.6341137277438140E-002
   9.5952023988005994E-002  -8.6745233080611023E-002
   9.6451774112943520E-002  -8.7148829383409149E-002
   9.6951524237881059E-002  -8.7551926185832518E-002
   9.7451274362818585E-002  -8.7954523487881145E-002
   9.7951024487756125E-002  -8.8356621289555015E-002
   9.8450774612693651E-002  -8.8758219590854143E-002
   9.8950524737631176E-002  -8.9159318391778514E-002
   9.9450274862568716E-002  -8.9559917692328142E-002
   9.9950024987506242E-002  -8.9960017492503014E-002
  0.10044977511244378       -9.0359617792303143E-002
  0.10094952523738131       -9.0758718591728516E-002
  0.10144927536231883       -9.1157319890779145E-002
  0.10194902548725637       -9.1555421689455019E-002
  0.10244877561219390       -9.1953023987756149E-002
  0.10294852573713142       -9.2350126785682524E-002
  0.10344827586206896       -9.2746730083234141E-002
  0.10394802598700649       -9.3142833880411016E-002
  0.10444777611194403       -9.3538438177213135E-002
  0.10494752623688156       -9.3933542973640510E-002
  0.10544727636181908       -9.4328148269693129E-002
  0.10594702648675662       -9.4722254065371006E-002
  0.10644677661169415       -9.5115860360674126E-002
  0.10694652673663169       -9.5508967155602503E-002
  0.10744627686156921       -9.5901574450156124E-002
  0.10794602698650674       -9.6293682244335002E-002
  0.10844577711144428       -9.6685290538139124E-002
  0.10894552723638180       -9.7076399331568503E-002
  0.10944527736131934       -9.7467008624623125E-002
  0.10994502748625687       -9.7857118417302991E-002
  0.11044477761119439       -9.8246728709608114E-002
  0.11094452773613193       -9.8635839501538480E-002
  0.11144427786106946       -9.9024450793094104E-002
  0.11194402798600700       -9.9412562584274972E-002
  0.11244377811094453       -9.9800174875081096E-002
  0.11294352823588205      -0.10018728766551246     
  0.11344327836081959      -0.10057390095556909     
  0.11394302848575712      -0.10096001474525096     
  0.11444277861069464      -0.10134562903455809     
  0.11494252873563218      -0.10173074382349045     
  0.11544227886056971      -0.10211535911204807     
  0.11594202898550725      -0.10249947490023094     
  0.11644177911044477      -0.10288309118803905     
  0.11694152923538230      -0.10326620797547242     
  0.11744127936031984      -0.10364882526253104     
  0.11794102948525736      -0.10403094304921491     
  0.11844077961019490      -0.10441256133552403     
  0.11894052973513243      -0.10479368012145840     
  0.11944027986006996      -0.10517429940701802     
  0.11994002998500750      -0.10555441919220289     
  0.12043978010994502      -0.10593403947701301     
  0.12093953023488256      -0.10631316026144838     
  0.12143928035982009      -0.10669178154550900     
  0.12193903048475761      -0.10706990332919486     
  0.12243878060969515      -0.10744752561250598     
  0.12293853073463268      -0.10782464839544234     
  0.12343828085957020      -0.10820127167800396     
  0.12393803098450774      -0.10857739546019082     
  0.12443778110944527      -0.10895301974200294     
  0.12493753123438281      -0.10932814452344031     
  0.12543728135932034      -0.10970276980450293     
  0.12593703148425786      -0.11007689558519079     
  0.12643678160919539      -0.11045052186550391     
  0.12693653173413294      -0.11082364864544228     
  0.12743628185907047      -0.11119627592500589     
  0.12793603198400799      -0.11156840370419475     
  0.12843578210894552      -0.11194003198300886     
  0.12893553223388304      -0.11231116076144823     
  0.12943528235882060      -0.11268179003951284     
  0.12993503248375812      -0.11305191981720271     
  0.13043478260869565      -0.11342155009451782     
  0.13093453273363317      -0.11379068087145819     
  0.13143428285857070      -0.11415931214802380     
  0.13193403298350825      -0.11452744392421467     
  0.13243378310844578      -0.11489507620003078     
  0.13293353323338331      -0.11526220897547215     
  0.13343328335832083      -0.11562884225053877     
  0.13393303348325836      -0.11599497602523062     
  0.13443278360819591      -0.11636061029954774     
  0.13493253373313344      -0.11672574507349009     
  0.13543228385807096      -0.11709038034705771     
  0.13593203398300849      -0.11745451612025057     
  0.13643178410794601      -0.11781815239306868     
  0.13693153423288357      -0.11818128916551204     
  0.13743128435782109      -0.11854392643758066     
  0.13793103448275862      -0.11890606420927452     
  0.13843078460769614      -0.11926770248059364     
  0.13893053473263367      -0.11962884125153800     
  0.13943028485757120      -0.11998948052210762     
  0.13993003498250875      -0.12034962029230248     
  0.14042978510744628      -0.12070926056212258     
  0.14092953523238380      -0.12106840133156795     
  0.14142928535732133      -0.12142704260063855     
  0.14192903548225885      -0.12178518436933441     
  0.14242878560719641      -0.12214282663765552     
  0.14292853573213393      -0.12249996940560189     
  0.14342828585707146      -0.12285661267317349     
  0.14392803598200898      -0.12321275644037036     
  0.14442778610694651      -0.12356840070719247     
  0.14492753623188406      -0.12392354547363983     
  0.14542728635682159      -0.12427819073971244     
  0.14592703648175911      -0.12463233650541031     
  0.14642678660669664      -0.12498598277073342     
  0.14692653673163417      -0.12533912953568177     
  0.14742628685657172      -0.12569177680025537     
  0.14792603698150925      -0.12604392456445423     
  0.14842578710644677      -0.12639557282827835     
  0.14892553723138430      -0.12674672159172770     
  0.14942528735632182      -0.12709737085480230     
  0.14992503748125938      -0.12744752061750217     
  0.15042478760619690      -0.12779717087982728     
  0.15092453773113443      -0.12814632164177764     
  0.15142428785607195      -0.12849497290335324     
  0.15192403798100948      -0.12884312466455411     
  0.15242378810594703      -0.12919077692538022     
  0.15292353823088456      -0.12953792968583158     
  0.15342328835582209      -0.12988458294590818     
  0.15392303848075961      -0.13023073670561003     
  0.15442278860569714      -0.13057639096493714     
  0.15492253873063469      -0.13092154572388950     
  0.15542228885557222      -0.13126620098246711     
  0.15592203898050974      -0.13161035674066995     
  0.15642178910544727      -0.13195401299849807     
  0.15692153923038479      -0.13229716975595143     
  0.15742128935532235      -0.13263982701303004     
  0.15792103948025987      -0.13298198476973389     
  0.15842078960519740      -0.13332364302606300     
  0.15892053973013492      -0.13366480178201737     
  0.15942028985507245      -0.13400546103759697     
  0.15992003998000998      -0.13434562079280182     
  0.16041979010494753      -0.13468528104763192     
  0.16091954022988506      -0.13502444180208728     
  0.16141929035482258      -0.13536310305616789     
  0.16191904047976011      -0.13570126480987374     
  0.16241879060469763      -0.13603892706320483     
  0.16291854072963519      -0.13637608981616120     
  0.16341829085457271      -0.13671275306874281     
  0.16391804097951024      -0.13704891682094966     
  0.16441779110444776      -0.13738458107278176     
  0.16491754122938529      -0.13771974582423913     
  0.16541729135432284      -0.13805441107532174     
  0.16591704147926037      -0.13838857682602959     
  0.16641679160419789      -0.13872224307636269     
  0.16691654172913542      -0.13905540982632103     
  0.16741629185407295      -0.13938807707590464     
  0.16791604197901050      -0.13972024482511350     
  0.16841579210394803      -0.14005191307394760     
  0.16891554222888555      -0.14038308182240694     
  0.16941529235382308      -0.14071375107049156     
  0.16991504247876060      -0.14104392081820141     
  0.17041479260369816      -0.14137359106553651     
  0.17091454272863568      -0.14170276181249686     
  0.17141429285357321      -0.14203143305908245     
  0.17191404297851073      -0.14235960480529330     
  0.17241379310344826      -0.14268727705112941     
  0.17291354322838581      -0.14301444979659075     
  0.17341329335332334      -0.14334112304167734     
  0.17391304347826086      -0.14366729678638920     
  0.17441279360319839      -0.14399297103072631     
  0.17491254372813592      -0.14431814577468866     
  0.17541229385307347      -0.14464282101827625     
  0.17591204397801100      -0.14496699676148911     
  0.17641179410294852      -0.14529067300432721     
  0.17691154422788605      -0.14561384974679056     
  0.17741129435282357      -0.14593652698887916     
  0.17791104447776113      -0.14625870473059299     
  0.17841079460269865      -0.14658038297193210     
  0.17891054472763618      -0.14690156171289645     
  0.17941029485257370      -0.14722224095348604     
  0.17991004497751123      -0.14754242069370088     
  0.18040979510244878      -0.14786210093354099     
  0.18090954522738631      -0.14818128167300634     
  0.18140929535232383      -0.14849996291209694     
  0.18190904547726136      -0.14881814465081278     
  0.18240879560219889      -0.14913582688915389     
  0.18290854572713641      -0.14945300962712024     
  0.18340829585207397      -0.14976969286471184     
  0.18390804597701149      -0.15008587660192868     
  0.18440779610194902      -0.15040156083877076     
  0.18490754622688654      -0.15071674557523812     
  0.18540729635182407      -0.15103143081133072     
  0.18590704647676162      -0.15134561654704856     
  0.18640679660169915      -0.15165930278239165     
  0.18690654672663667      -0.15197248951736000     
  0.18740629685157420      -0.15228517675195360     
  0.18790604697651173      -0.15259736448617245     
  0.18840579710144928      -0.15290905272001654     
  0.18890554722638681      -0.15322024145348589     
  0.18940529735132433      -0.15353093068658050     
  0.18990504747626186      -0.15384112041930034     
  0.19040479760119938      -0.15415081065164543     
  0.19090454772613694      -0.15446000138361576     
  0.19140429785107446      -0.15476869261521137     
  0.19190404797601199      -0.15507688434643221     
  0.19240379810094951      -0.15538457657727830     
  0.19290354822588704      -0.15569176930774964     
  0.19340329835082459      -0.15599846253784624     
  0.19390304847576212      -0.15630465626756809     
  0.19440279860069964      -0.15661035049691518     
  0.19490254872563717      -0.15691554522588752     
  0.19540229885057470      -0.15722024045448513     
  0.19590204897551225      -0.15752443618270798     
  0.19640179910044978      -0.15782813241055607     
  0.19690154922538730      -0.15813132913802941     
  0.19740129935032483      -0.15843402636512799     
  0.19790104947526235      -0.15873622409185184     
  0.19840079960019991      -0.15903792231820094     
  0.19890054972513743      -0.15933912104417527     
  0.19940029985007496      -0.15963982026977486     
  0.19990004997501248      -0.15994001999499971     
  0.20039980009995001      -0.16023972021984981     
  0.20089955022488756      -0.16053892094432515     
  0.20139930034982509      -0.16083762216842573     
  0.20189905047476261      -0.16113582389215159     
  0.20239880059970014      -0.16143352611550268     
  0.20289855072463767      -0.16173072883847903     
  0.20339830084957519      -0.16202743206108061     
  0.20389805097451275      -0.16232363578330744     
  0.20439780109945027      -0.16261934000515954     
  0.20489755122438780      -0.16291454472663688     
  0.20539730134932532      -0.16320924994773947     
  0.20589705147426285      -0.16350345566846730     
  0.20639680159920040      -0.16379716188882040     
  0.20689655172413793      -0.16409036860879875     
  0.20739630184907545      -0.16438307582840234     
  0.20789605197401298      -0.16467528354763117     
  0.20839580209895051      -0.16496699176648527     
  0.20889555222388806      -0.16525820048496462     
  0.20939530234882558      -0.16554890970306921     
  0.20989505247376311      -0.16583911942079904     
  0.21039480259870064      -0.16612882963815412     
  0.21089455272363816      -0.16641804035513447     
  0.21139430284857572      -0.16670675157174006     
  0.21189405297351324      -0.16699496328797089     
  0.21239380309845077      -0.16728267550382697     
  0.21289355322338829      -0.16756988821930832     
  0.21339330334832582      -0.16785660143441491     
  0.21389305347326337      -0.16814281514914675     
  0.21439280359820090      -0.16842852936350383     
  0.21489255372313842      -0.16871374407748618     
  0.21539230384807595      -0.16899845929109378     
  0.21589205397301348      -0.16928267500432662     
  0.21639180409795103      -0.16956639121718470     
  0.21689155422288856      -0.16984960792966802     
  0.21739130434782608      -0.17013232514177662     
  0.21789105447276361      -0.17041454285351046     
  0.21839080459770113      -0.17069626106486954     
  0.21889055472263869      -0.17097747977585387     
  0.21939030484757621      -0.17125819898646347     
  0.21989005497251374      -0.17153841869669831     
  0.22038980509745126      -0.17181813890655839     
  0.22088955522238879      -0.17209735961604372     
  0.22138930534732634      -0.17237608082515432     
  0.22188905547226387      -0.17265430253389016     
  0.22238880559720139      -0.17293202474225125     
  0.22288855572213892      -0.17320924745023758     
  0.22338830584707645      -0.17348597065784915     
  0.22388805597201400      -0.17376219436508600     
  0.22438780609695153      -0.17403791857194809     
  0.22488755622188905      -0.17431314327843542     
  0.22538730634682658      -0.17458786848454799     
  0.22588705647176410      -0.17486209419028584     
  0.22638680659670163      -0.17513582039564893     
  0.22688655672163918      -0.17540904710063726     
  0.22738630684657671      -0.17568177430525084     
  0.22788605697151423      -0.17595400200948969     
  0.22838580709645176      -0.17622573021335378     
  0.22888555722138929      -0.17649695891684311     
  0.22938530734632684      -0.17676768811995769     
  0.22988505747126436      -0.17703791782269751     
  0.23038480759620189      -0.17730764802506260     
  0.23088455772113942      -0.17757687872705294     
  0.23138430784607694      -0.17784560992866852     
  0.23188405797101450      -0.17811384162990934     
  0.23238380809595202      -0.17838157383077544     
  0.23288355822088955      -0.17864880653126677     
  0.23338330834582707      -0.17891553973138336     
  0.23388305847076460      -0.17918177343112518     
  0.23438280859570215      -0.17944750763049228     
  0.23488255872063968      -0.17971274232948461     
  0.23538230884557720      -0.17997747752810220     
  0.23588205897051473      -0.18024171322634502     
  0.23638180909545226      -0.18050544942421309     
  0.23688155922038981      -0.18076868612170643     
  0.23738130934532733      -0.18103142331882502     
  0.23788105947026486      -0.18129366101556885     
  0.23838080959520239      -0.18155539921193792     
  0.23888055972013991      -0.18181663790793226     
  0.23938030984507747      -0.18207737710355185     
  0.23988005997001499      -0.18233761679879668     
  0.24037981009495252      -0.18259735699366675     
  0.24087956021989004      -0.18285659768816206     
  0.24137931034482757      -0.18311533888228265     
  0.24187906046976512      -0.18337358057602848     
  0.24237881059470265      -0.18363132276939956     
  0.24287856071964017      -0.18388856546239588     
  0.24337831084457770      -0.18414530865501746     
  0.24387806096951523      -0.18440155234726430     
  0.24437781109445278      -0.18465729653913637     
  0.24487756121939031      -0.18491254123063369     
  0.24537731134432783      -0.18516728642175628     
  0.24587706146926536      -0.18542153211250412     
  0.24637681159420288      -0.18567527830287719     
  0.24687656171914041      -0.18592852499287552     
  0.24737631184407796      -0.18618127218249911     
  0.24787606196901549      -0.18643351987174794     
  0.24837581209395301      -0.18668526806062202     
  0.24887556221889054      -0.18693651674912135     
  0.24937531234382806      -0.18718726593724591     
  0.24987506246876562      -0.18743751562499575     
  0.25037481259370314      -0.18768726581237083     
  0.25087456271864067      -0.18793651649937115     
  0.25137431284357820      -0.18818526768599672     
  0.25187406296851572      -0.18843351937224756     
  0.25237381309345325      -0.18868127155812364     
  0.25287356321839077      -0.18892852424362497     
  0.25337331334332835      -0.18917527742875154     
  0.25387306346826588      -0.18942153111350335     
  0.25437281359320341      -0.18966728529788043     
  0.25487256371814093      -0.18991253998188276     
  0.25537231384307846      -0.19015729516551033     
  0.25587206396801598      -0.19040155084876315     
  0.25637181409295351      -0.19064530703164123     
  0.25687156421789104      -0.19088856371414456     
  0.25737131434282856      -0.19113132089627313     
  0.25787106446776609      -0.19137357857802695     
  0.25837081459270361      -0.19161533675940604     
  0.25887056471764119      -0.19185659544041037     
  0.25937031484257872      -0.19209735462103994     
  0.25987006496751625      -0.19233761430129476     
  0.26036981509245377      -0.19257737448117482     
  0.26086956521739130      -0.19281663516068015     
  0.26136931534232882      -0.19305539633981073     
  0.26186906546726635      -0.19329365801856654     
  0.26236881559220387      -0.19353142019694761     
  0.26286856571714140      -0.19376868287495394     
  0.26336831584207893      -0.19400544605258552     
  0.26386806596701651      -0.19424170972984234     
  0.26436781609195403      -0.19447747390672440     
  0.26486756621689156      -0.19471273858323174     
  0.26536731634182908      -0.19494750375936432     
  0.26586706646676661      -0.19518176943512214     
  0.26636681659170414      -0.19541553561050520     
  0.26686656671664166      -0.19564880228551351     
  0.26736631684157919      -0.19588156946014709     
  0.26786606696651671      -0.19611383713440592     
  0.26836581709145424      -0.19634560530828998     
  0.26886556721639182      -0.19657687398179929     
  0.26936531734132935      -0.19680764315493388     
  0.26986506746626687      -0.19703791282769370     
  0.27036481759120440      -0.19726768300007877     
  0.27086456771614192      -0.19749695367208908     
  0.27136431784107945      -0.19772572484372467     
  0.27186406796601698      -0.19795399651498549     
  0.27236381809095450      -0.19818176868587156     
  0.27286356821589203      -0.19840904135638288     
  0.27336331834082955      -0.19863581452651943     
  0.27386306846576713      -0.19886208819628126     
  0.27436281859070466      -0.19908786236566833     
  0.27486256871564219      -0.19931313703468065     
  0.27536231884057971      -0.19953791220331821     
  0.27586206896551724      -0.19976218787158104     
  0.27636181909045476      -0.19998596403946911     
  0.27686156921539229      -0.20020924070698243     
  0.27736131934032981      -0.20043201787412099     
  0.27786106946526734      -0.20065429554088482     
  0.27836081959020487      -0.20087607370727389     
  0.27886056971514239      -0.20109735237328821     
  0.27936031984007997      -0.20131813153892777     
  0.27986006996501750      -0.20153841120419258     
  0.28035982008995503      -0.20175819136908266     
  0.28085957021489255      -0.20197747203359798     
  0.28135932033983008      -0.20219625319773854     
  0.28185907046476760      -0.20241453486150435     
  0.28235882058970513      -0.20263231702489543     
  0.28285857071464265      -0.20284959968791175     
  0.28335832083958018      -0.20306638285055331     
  0.28385807096451771      -0.20328266651282012     
  0.28435782108945529      -0.20349845067471220     
  0.28485757121439281      -0.20371373533622952     
  0.28535732133933034      -0.20392852049737209     
  0.28585707146426786      -0.20414280615813990     
  0.28635682158920539      -0.20435659231853295     
  0.28685657171414292      -0.20456987897855128     
  0.28735632183908044      -0.20478266613819485     
  0.28785607196401797      -0.20499495379746366     
  0.28835582208895549      -0.20520674195635771     
  0.28885557221389302      -0.20541803061487704     
  0.28935532233883060      -0.20562881977302161     
  0.28985507246376813      -0.20583910943079142     
  0.29035482258870565      -0.20604889958818648     
  0.29085457271364318      -0.20625819024520681     
  0.29135432283858070      -0.20646698140185238     
  0.29185407296351823      -0.20667527305812319     
  0.29235382308845576      -0.20688306521401925     
  0.29285357321339328      -0.20709035786954055     
  0.29335332333833081      -0.20729715102468713     
  0.29385307346326833      -0.20750344467945894     
  0.29435282358820591      -0.20770923883385600     
  0.29485257371314344      -0.20791453348787831     
  0.29535232383808097      -0.20811932864152588     
  0.29585207396301849      -0.20832362429479870     
  0.29635182408795602      -0.20852742044769676     
  0.29685157421289354      -0.20873071710022006     
  0.29735132433783107      -0.20893351425236864     
  0.29785107446276859      -0.20913581190414246     
  0.29835082458770612      -0.20933761005554152     
  0.29885057471264365      -0.20953890870656583     
  0.29935032483758117      -0.20973970785721538     
  0.29985007496251875      -0.20994000750749020     
  0.30034982508745628      -0.21013980765739027     
  0.30084957521239380      -0.21033910830691557     
  0.30134932533733133      -0.21053790945606612     
  0.30184907546226886      -0.21073621110484195     
  0.30234882558720638      -0.21093401325324301     
  0.30284857571214391      -0.21113131590126932     
  0.30334832583708143      -0.21132811904892088     
  0.30384807596201896      -0.21152442269619770     
  0.30434782608695649      -0.21172022684309977     
  0.30484757621189407      -0.21191553148962708     
  0.30534732633683159      -0.21211033663577963     
  0.30584707646176912      -0.21230464228155743     
  0.30634682658670664      -0.21249844842696050     
  0.30684657671164417      -0.21269175507198881     
  0.30734632683658170      -0.21288456221664237     
  0.30784607696151922      -0.21307686986092117     
  0.30834582708645675      -0.21326867800482524     
  0.30884557721139427      -0.21345998664835455     
  0.30934532733633180      -0.21365079579150911     
  0.30984507746126938      -0.21384110543428891     
  0.31034482758620691      -0.21403091557669399     
  0.31084457771114443      -0.21422022621872430     
  0.31134432783608196      -0.21440903736037986     
  0.31184407796101948      -0.21459734900166066     
  0.31234382808595701      -0.21478516114256671     
  0.31284357821089454      -0.21497247378309803     
  0.31334332833583206      -0.21515928692325459     
  0.31384307846076959      -0.21534560056303639     
  0.31434282858570711      -0.21553141470244344     
  0.31484257871064469      -0.21571672934147576     
  0.31534232883558222      -0.21590154448013332     
  0.31584207896051975      -0.21608586011841613     
  0.31634182908545727      -0.21626967625632418     
  0.31684157921039480      -0.21645299289385750     
  0.31734132933533232      -0.21663581003101606     
  0.31784107946026985      -0.21681812766779987     
  0.31834082958520737      -0.21699994580420892     
  0.31884057971014490      -0.21718126444024322     
  0.31934032983508243      -0.21736208357590278     
  0.31984007996001995      -0.21754240321118759     
  0.32033983008495753      -0.21772222334609764     
  0.32083958020989506      -0.21790154398063294     
  0.32133933033483258      -0.21808036511479351     
  0.32183908045977011      -0.21825868674857932     
  0.32233883058470764      -0.21843650888199037     
  0.32283858070964516      -0.21861383151502667     
  0.32333833083458269      -0.21879065464768824     
  0.32383808095952021      -0.21896697827997505     
  0.32433783108445774      -0.21914280241188711     
  0.32483758120939527      -0.21931812704342440     
  0.32533733133433285      -0.21949295217458695     
  0.32583708145927037      -0.21966727780537476     
  0.32633683158420790      -0.21984110393578782     
  0.32683658170914542      -0.22001443056582612     
  0.32733633183408295      -0.22018725769548966     
  0.32783608195902048      -0.22035958532477848     
  0.32833583208395800      -0.22053141345369254     
  0.32883558220889553      -0.22070274208223184     
  0.32933533233383305      -0.22087357121039639     
  0.32983508245877058      -0.22104390083818620     
  0.33033483258370816      -0.22121373096560126     
  0.33083458270864569      -0.22138306159264157     
  0.33133433283358321      -0.22155189271930711     
  0.33183408295852074      -0.22172022434559790     
  0.33233383308345826      -0.22188805647151397     
  0.33283358320839579      -0.22205538909705527     
  0.33333333333333331      -0.22222222222222182     
  0.33383308345827084      -0.22238855584701361     
  0.33433283358320837      -0.22255438997143068     
  0.33483258370814589      -0.22271972459547298     
  0.33533233383308347      -0.22288455971914053     
  0.33583208395802100      -0.22304889534243333     
  0.33633183408295853      -0.22321273146535139     
  0.33683158420789605      -0.22337606808789470     
  0.33733133433283358      -0.22353890521006325     
  0.33783108445777110      -0.22370124283185705     
  0.33833083458270863      -0.22386308095327609     
  0.33883058470764615      -0.22402441957432040     
  0.33933033483258368      -0.22418525869498995     
  0.33983008495752121      -0.22434559831528475     
  0.34032983508245879      -0.22450543843520479     
  0.34082958520739631      -0.22466477905475010     
  0.34132933533233384      -0.22482362017392066     
  0.34182908545727136      -0.22498196179271646     
  0.34232883558220889      -0.22513980391113750     
  0.34282858570714642      -0.22529714652918381     
  0.34332833583208394      -0.22545398964685537     
  0.34382808595702147      -0.22561033326415217     
  0.34432783608195899      -0.22576617738107421     
  0.34482758620689652      -0.22592152199762150     
  0.34532733633183404      -0.22607636711379406     
  0.34582708645677163      -0.22623071272959186     
  0.34632683658170915      -0.22638455884501490     
  0.34682658670664668      -0.22653790546006319     
  0.34732633683158420      -0.22669075257473675     
  0.34782608695652173      -0.22684310018903556     
  0.34832583708145926      -0.22699494830295960     
  0.34882558720639678      -0.22714629691650889     
  0.34932533733133431      -0.22729714602968346     
  0.34982508745627183      -0.22744749564248326     
  0.35032483758120936      -0.22759734575490831     
  0.35082458770614694      -0.22774669636695860     
  0.35132433783108447      -0.22789554747863414     
  0.35182408795602199      -0.22804389908993494     
  0.35232383808095952      -0.22819175120086099     
  0.35282358820589704      -0.22833910381141229     
  0.35332333833083457      -0.22848595692158882     
  0.35382308845577209      -0.22863231053139063     
  0.35432283858070962      -0.22877816464081768     
  0.35482258870564715      -0.22892351924986998     
  0.35532233883058467      -0.22906837435854752     
  0.35582208895552225      -0.22921272996685030     
  0.35632183908045978      -0.22935658607477835     
  0.35682158920539730      -0.22949994268233165     
  0.35732133933033483      -0.22964279978951019     
  0.35782108945527236      -0.22978515739631397     
  0.35832083958020988      -0.22992701550274303     
  0.35882058970514741      -0.23006837410879732     
  0.35932033983008493      -0.23020923321447687     
  0.35982008995502246      -0.23034959281978165     
  0.36031984007995999      -0.23048945292471171     
  0.36081959020489757      -0.23062881352926701     
  0.36131934032983509      -0.23076767463344755     
  0.36181909045477262      -0.23090603623725334     
  0.36231884057971014      -0.23104389834068437     
  0.36281859070464767      -0.23118126094374067     
  0.36331834082958520      -0.23131812404642221     
  0.36381809095452272      -0.23145448764872900     
  0.36431784107946025      -0.23159035175066103     
  0.36481759120439777      -0.23172571635221834     
  0.36531734132933530      -0.23186058145340088     
  0.36581709145427282      -0.23199494705420867     
  0.36631684157921041      -0.23212881315464171     
  0.36681659170414793      -0.23226217975470001     
  0.36731634182908546      -0.23239504685438356     
  0.36781609195402298      -0.23252741445369235     
  0.36831584207896051      -0.23265928255262638     
  0.36881559220389803      -0.23279065115118566     
  0.36931534232883556      -0.23292152024937021     
  0.36981509245377309      -0.23305188984718000     
  0.37031484257871061      -0.23318175994461504     
  0.37081459270364814      -0.23331113054167532     
  0.37131434282858572      -0.23344000163836087     
  0.37181409295352325      -0.23356837323467167     
  0.37231384307846077      -0.23369624533060770     
  0.37281359320339830      -0.23382361792616899     
  0.37331334332833582      -0.23395049102135554     
  0.37381309345327335      -0.23407686461616733     
  0.37431284357821087      -0.23420273871060437     
  0.37481259370314840      -0.23432811330466666     
  0.37531234382808593      -0.23445298839835418     
  0.37581209395302345      -0.23457736399166698     
  0.37631184407796103      -0.23470124008460502     
  0.37681159420289856      -0.23482461667716831     
  0.37731134432783608      -0.23494749376935684     
  0.37781109445277361      -0.23506987136117063     
  0.37831084457771114      -0.23519174945260968     
  0.37881059470264866      -0.23531312804367396     
  0.37931034482758619      -0.23543400713436349     
  0.37981009495252371      -0.23555438672467829     
  0.38030984507746124      -0.23567426681461834     
  0.38080959520239877      -0.23579364740418363     
  0.38130934532733635      -0.23591252849337416     
  0.38180909545227387      -0.23603091008218993     
  0.38230884557721140      -0.23614879217063098     
  0.38280859570214892      -0.23626617475869727     
  0.38330834582708645      -0.23638305784638880     
  0.38380809595202398      -0.23649944143370558     
  0.38430784607696150      -0.23661532552064762     
  0.38480759620189903      -0.23673071010721491     
  0.38530734632683655      -0.23684559519340745     
  0.38580709645177408      -0.23695998077922523     
  0.38630684657671160      -0.23707386686466828     
  0.38680659670164919      -0.23718725344973657     
  0.38730634682658671      -0.23730014053443010     
  0.38780609695152424      -0.23741252811874888     
  0.38830584707646176      -0.23752441620269291     
  0.38880559720139929      -0.23763580478626220     
  0.38930534732633681      -0.23774669386945674     
  0.38980509745127434      -0.23785708345227652     
  0.39030484757621187      -0.23796697353472154     
  0.39080459770114939      -0.23807636411679184     
  0.39130434782608692      -0.23818525519848738     
  0.39180409795102450      -0.23829364677980816     
  0.39230384807596203      -0.23840153886075419     
  0.39280359820089955      -0.23850893144132548     
  0.39330334832583708      -0.23861582452152202     
  0.39380309845077460      -0.23872221810134381     
  0.39430284857571213      -0.23882811218079084     
  0.39480259870064965      -0.23893350675986311     
  0.39530234882558718      -0.23903840183856065     
  0.39580209895052471      -0.23914279741688343     
  0.39630184907546223      -0.23924669349483146     
  0.39680159920039981      -0.23935009007240474     
  0.39730134932533734      -0.23945298714960328     
  0.39780109945027486      -0.23955538472642707     
  0.39830084957521239      -0.23965728280287610     
  0.39880059970014992      -0.23975868137895037     
  0.39930034982508744      -0.23985958045464992     
  0.39980009995002497      -0.23995998002997471     
  0.40029985007496249      -0.24005988010492474     
  0.40079960019990002      -0.24015928067950001     
  0.40129935032483754      -0.24025818175370053     
  0.40179910044977513      -0.24035658332752632     
  0.40229885057471265      -0.24045448540097736     
  0.40279860069965018      -0.24055188797405364     
  0.40329835082458770      -0.24064879104675516     
  0.40379810094952523      -0.24074519461908195     
  0.40429785107446276      -0.24084109869103398     
  0.40479760119940028      -0.24093650326261126     
  0.40529735132433781      -0.24103140833381378     
  0.40579710144927533      -0.24112581390464158     
  0.40629685157421286      -0.24121971997509462     
  0.40679660169915038      -0.24131312654517290     
  0.40729635182408797      -0.24140603361487642     
  0.40779610194902549      -0.24149844118420519     
  0.40829585207396302      -0.24159034925315923     
  0.40879560219890054      -0.24168175782173851     
  0.40929535232383807      -0.24177266688994303     
  0.40979510244877559      -0.24186307645777280     
  0.41029485257371312      -0.24195298652522784     
  0.41079460269865065      -0.24204239709230813     
  0.41129435282358817      -0.24213130815901365     
  0.41179410294852570      -0.24221971972534442     
  0.41229385307346328      -0.24230763179130044     
  0.41279360319840080      -0.24239504435688172     
  0.41329335332333833      -0.24248195742208825     
  0.41379310344827586      -0.24256837098692002     
  0.41429285357321338      -0.24265428505137704     
  0.41479260369815091      -0.24273969961545933     
  0.41529235382308843      -0.24282461467916686     
  0.41579210394802596      -0.24290903024249963     
  0.41629185407296349      -0.24299294630545765     
  0.41679160419790101      -0.24307636286804093     
  0.41729135432283859      -0.24315927993024947     
  0.41779110444777612      -0.24324169749208324     
  0.41829085457271364      -0.24332361555354226     
  0.41879060469765117      -0.24340503411462652     
  0.41929035482258870      -0.24348595317533606     
  0.41979010494752622      -0.24356637273567083     
  0.42028985507246375      -0.24364629279563085     
  0.42078960519740127      -0.24372571335521612     
  0.42128935532233880      -0.24380463441442665     
  0.42178910544727632      -0.24388305597326243     
  0.42228885557221391      -0.24396097803172345     
  0.42278860569715143      -0.24403840058980972     
  0.42328835582208896      -0.24411532364752125     
  0.42378810594702648      -0.24419174720485803     
  0.42428785607196401      -0.24426767126182006     
  0.42478760619690153      -0.24434309581840732     
  0.42528735632183906      -0.24441802087461983     
  0.42578710644677659      -0.24449244643045762     
  0.42628685657171411      -0.24456637248592064     
  0.42678660669665164      -0.24463979904100891     
  0.42728635682158916      -0.24471272609572242     
  0.42778610694652675      -0.24478515365006120     
  0.42828585707146427      -0.24485708170402523     
  0.42878560719640180      -0.24492851025761450     
  0.42928535732133932      -0.24499943931082901     
  0.42978510744627685      -0.24506986886366880     
  0.43028485757121437      -0.24513979891613383     
  0.43078460769615190      -0.24520922946822410     
  0.43128435782108943      -0.24527816051993961     
  0.43178410794602695      -0.24534659207128037     
  0.43228385807096448      -0.24541452412224640     
  0.43278360819590206      -0.24548195667283768     
  0.43328335832083958      -0.24554888972305419     
  0.43378310844577711      -0.24561532327289595     
  0.43428285857071464      -0.24568125732236298     
  0.43478260869565216      -0.24574669187145526     
  0.43528235882058969      -0.24581162692017278     
  0.43578210894552721      -0.24587606246851554     
  0.43628185907046474      -0.24593999851648357     
  0.43678160919540227      -0.24600343506407685     
  0.43728135932033979      -0.24606637211129537     
  0.43778110944527737      -0.24612880965813913     
  0.43828085957021490      -0.24619074770460814     
  0.43878060969515242      -0.24625218625070242     
  0.43928035982008995      -0.24631312529642194     
  0.43978010994502748      -0.24637356484176670     
  0.44027986006996500      -0.24643350488673671     
  0.44077961019490253      -0.24649294543133199     
  0.44127936031984005      -0.24655188647555251     
  0.44177911044477758      -0.24661032801939828     
  0.44227886056971510      -0.24666827006286929     
  0.44277861069465269      -0.24672571260596557     
  0.44327836081959021      -0.24678265564868709     
  0.44377811094452774      -0.24683909919103386     
  0.44427786106946526      -0.24689504323300587     
  0.44477761119440279      -0.24695048777460313     
  0.44527736131934031      -0.24700543281582565     
  0.44577711144427784      -0.24705987835667342     
  0.44627686156921537      -0.24711382439714644     
  0.44677661169415289      -0.24716727093724469     
  0.44727636181909042      -0.24722021797696822     
  0.44777611194402800      -0.24727266551631699     
  0.44827586206896552      -0.24732461355529101     
  0.44877561219390305      -0.24737606209389026     
  0.44927536231884058      -0.24742701113211479     
  0.44977511244377810      -0.24747746066996457     
  0.45027486256871563      -0.24752741070743958     
  0.45077461269365315      -0.24757686124453984     
  0.45127436281859068      -0.24762581228126535     
  0.45177411294352821      -0.24767426381761612     
  0.45227386306846573      -0.24772221585359214     
  0.45277361319340326      -0.24776966838919340     
  0.45327336331834084      -0.24781662142441990     
  0.45377311344327836      -0.24786307495927168     
  0.45427286356821589      -0.24790902899374870     
  0.45477261369315342      -0.24795448352785096     
  0.45527236381809094      -0.24799943856157847     
  0.45577211394302847      -0.24804389409493124     
  0.45627186406796599      -0.24808785012790927     
  0.45677161419290352      -0.24813130666051253     
  0.45727136431784104      -0.24817426369274104     
  0.45777111444277857      -0.24821672122459479     
  0.45827086456771615      -0.24825867925607381     
  0.45877061469265368      -0.24830013778717808     
  0.45927036481759120      -0.24834109681790759     
  0.45977011494252873      -0.24838155634826234     
  0.46026986506746626      -0.24842151637824236     
  0.46076961519240378      -0.24846097690784763     
  0.46126936531734131      -0.24849993793707814     
  0.46176911544227883      -0.24853839946593390     
  0.46226886556721636      -0.24857636149441492     
  0.46276861569215388      -0.24861382402252119     
  0.46326836581709147      -0.24865078705025270     
  0.46376811594202899      -0.24868725057760946     
  0.46426786606696652      -0.24872321460459146     
  0.46476761619190404      -0.24875867913119873     
  0.46526736631684157      -0.24879364415743124     
  0.46576711644177909      -0.24882810968328900     
  0.46626686656671662      -0.24886207570877200     
  0.46676661669165415      -0.24889554223388027     
  0.46726636681659167      -0.24892850925861379     
  0.46776611694152920      -0.24896097678297255     
  0.46826586706646678      -0.24899294480695655     
  0.46876561719140430      -0.24902441333056582     
  0.46926536731634183      -0.24905538235380034     
  0.46976511744127936      -0.24908585187666010     
  0.47026486756621688      -0.24911582189914511     
  0.47076461769115441      -0.24914529242125535     
  0.47126436781609193      -0.24917426344299087     
  0.47176411794102946      -0.24920273496435164     
  0.47226386806596699      -0.24923070698533764     
  0.47276361819090451      -0.24925817950594889     
  0.47326336831584204      -0.24928515252618541     
  0.47376311844077962      -0.24931162604604717     
  0.47426286856571714      -0.24933760006553418     
  0.47476261869065467      -0.24936307458464643     
  0.47526236881559220      -0.24938804960338393     
  0.47576211894052972      -0.24941252512174669     
  0.47626186906546725      -0.24943650113973470     
  0.47676161919040477      -0.24945997765734795     
  0.47726136931534230      -0.24948295467458645     
  0.47776111944027982      -0.24950543219145022     
  0.47826086956521735      -0.24952741020793923     
  0.47876061969015493      -0.24954888872405348     
  0.47926036981509246      -0.24956986773979298     
  0.47976011994002998      -0.24959034725515775     
  0.48025987006496751      -0.24961032727014776     
  0.48075962018990503      -0.24962980778476301     
  0.48125937031484256      -0.24964878879900351     
  0.48175912043978009      -0.24966727031286925     
  0.48225887056471761      -0.24968525232636027     
  0.48275862068965514      -0.24970273483947653     
  0.48325837081459266      -0.24971971785221803     
  0.48375812093953025      -0.24973620136458477     
  0.48425787106446777      -0.24975218537657679     
  0.48475762118940530      -0.24976766988819404     
  0.48525737131434282      -0.24978265489943655     
  0.48575712143928035      -0.24979714041030429     
  0.48625687156421787      -0.24981112642079731     
  0.48675662168915540      -0.24982461293091557     
  0.48725637181409293      -0.24983759994065907     
  0.48775612193903045      -0.24985008745002782     
  0.48825587206396798      -0.24986207545902181     
  0.48875562218890556      -0.24987356396764107     
  0.48925537231384308      -0.24988455297588558     
  0.48975512243878061      -0.24989504248375533     
  0.49025487256371814      -0.24990503249125032     
  0.49075462268865566      -0.24991452299837058     
  0.49125437281359319      -0.24992351400511609     
  0.49175412293853071      -0.24993200551148684     
  0.49225387306346824      -0.24993999751748283     
  0.49275362318840576      -0.24994749002310410     
  0.49325337331334329      -0.24995448302835060     
  0.49375312343828082      -0.24996097653322236     
  0.49425287356321840      -0.24996697053771935     
  0.49475262368815592      -0.24997246504184159     
  0.49525237381309345      -0.24997746004558910     
  0.49575212393803098      -0.24998195554896185     
  0.49625187406296850      -0.24998595155195985     
  0.49675162418790603      -0.24998944805458309     
  0.49725137431284355      -0.24999244505683160     
  0.49775112443778108      -0.24999494255870536     
  0.49825087456271860      -0.24999694056020436     
  0.49875062468765613      -0.24999843906132860     
  0.49925037481259371      -0.24999943806207811     
  0.49975012493753124      -0.24999993756245287     
  0.50024987506246876      -0.24999993756245287     
  0.50074962518740629      -0.24999943806207811     
  0.50124937531234381      -0.24999843906132860     
  0.50174912543728134      -0.24999694056020436     
  0.50224887556221887      -0.24999494255870536     
  0.50274862568715639      -0.24999244505683160     
  0.50324837581209392      -0.24998944805458309     
  0.50374812593703144      -0.24998595155195985     
  0.50424787606196897      -0.24998195554896185     
  0.50474762618690650      -0.24997746004558910     
  0.50524737631184402      -0.24997246504184159     
  0.50574712643678155      -0.24996697053771935     
  0.50624687656171907      -0.24996097653322236     
  0.50674662668665671      -0.24995448302835060     
  0.50724637681159424      -0.24994749002310410     
  0.50774612693653176      -0.24993999751748283     
  0.50824587706146929      -0.24993200551148684     
  0.50874562718640681      -0.24992351400511609     
  0.50924537731134434      -0.24991452299837058     
  0.50974512743628186      -0.24990503249125032     
  0.51024487756121939      -0.24989504248375533     
  0.51074462768615692      -0.24988455297588558     
  0.51124437781109444      -0.24987356396764107     
  0.51174412793603197      -0.24986207545902181     
  0.51224387806096949      -0.24985008745002782     
  0.51274362818590702      -0.24983759994065907     
  0.51324337831084454      -0.24982461293091557     
  0.51374312843578207      -0.24981112642079731     
  0.51424287856071960      -0.24979714041030429     
  0.51474262868565712      -0.24978265489943655     
  0.51524237881059465      -0.24976766988819404     
  0.51574212893553217      -0.24975218537657679     
  0.51624187906046970      -0.24973620136458477     
  0.51674162918540723      -0.24971971785221803     
  0.51724137931034486      -0.24970273483947653     
  0.51774112943528239      -0.24968525232636027     
  0.51824087956021991      -0.24966727031286925     
  0.51874062968515744      -0.24964878879900351     
  0.51924037981009497      -0.24962980778476301     
  0.51974012993503249      -0.24961032727014776     
  0.52023988005997002      -0.24959034725515775     
  0.52073963018490754      -0.24956986773979298     
  0.52123938030984507      -0.24954888872405348     
  0.52173913043478259      -0.24952741020793923     
  0.52223888055972012      -0.24950543219145022     
  0.52273863068465765      -0.24948295467458645     
  0.52323838080959517      -0.24945997765734795     
  0.52373813093453270      -0.24943650113973470     
  0.52423788105947022      -0.24941252512174669     
  0.52473763118440775      -0.24938804960338393     
  0.52523738130934527      -0.24936307458464643     
  0.52573713143428280      -0.24933760006553418     
  0.52623688155922033      -0.24931162604604717     
  0.52673663168415785      -0.24928515252618541     
  0.52723638180909549      -0.24925817950594889     
  0.52773613193403301      -0.24923070698533764     
  0.52823588205897054      -0.24920273496435164     
  0.52873563218390807      -0.24917426344299087     
  0.52923538230884559      -0.24914529242125535     
  0.52973513243378312      -0.24911582189914511     
  0.53023488255872064      -0.24908585187666010     
  0.53073463268365817      -0.24905538235380034     
  0.53123438280859570      -0.24902441333056582     
  0.53173413293353322      -0.24899294480695655     
  0.53223388305847075      -0.24896097678297255     
  0.53273363318340827      -0.24892850925861379     
  0.53323338330834580      -0.24889554223388027     
  0.53373313343328332      -0.24886207570877200     
  0.53423288355822085      -0.24882810968328900     
  0.53473263368315838      -0.24879364415743124     
  0.53523238380809590      -0.24875867913119873     
  0.53573213393303343      -0.24872321460459146     
  0.53623188405797095      -0.24868725057760946     
  0.53673163418290848      -0.24865078705025270     
  0.53723138430784600      -0.24861382402252119     
  0.53773113443278364      -0.24857636149441492     
  0.53823088455772117      -0.24853839946593390     
  0.53873063468265869      -0.24849993793707814     
  0.53923038480759622      -0.24846097690784763     
  0.53973013493253374      -0.24842151637824236     
  0.54022988505747127      -0.24838155634826234     
  0.54072963518240880      -0.24834109681790759     
  0.54122938530734632      -0.24830013778717808     
  0.54172913543228385      -0.24825867925607381     
  0.54222888555722137      -0.24821672122459479     
  0.54272863568215890      -0.24817426369274104     
  0.54322838580709643      -0.24813130666051253     
  0.54372813593203395      -0.24808785012790927     
  0.54422788605697148      -0.24804389409493124     
  0.54472763618190900      -0.24799943856157847     
  0.54522738630684653      -0.24795448352785096     
  0.54572713643178405      -0.24790902899374870     
  0.54622688655672158      -0.24786307495927168     
  0.54672663668165911      -0.24781662142441990     
  0.54722638680659663      -0.24776966838919340     
  0.54772613693153427      -0.24772221585359214     
  0.54822588705647179      -0.24767426381761612     
  0.54872563718140932      -0.24762581228126535     
  0.54922538730634685      -0.24757686124453984     
  0.54972513743128437      -0.24752741070743958     
  0.55022488755622190      -0.24747746066996457     
  0.55072463768115942      -0.24742701113211479     
  0.55122438780609695      -0.24737606209389026     
  0.55172413793103448      -0.24732461355529101     
  0.55222388805597200      -0.24727266551631699     
  0.55272363818090953      -0.24722021797696822     
  0.55322338830584705      -0.24716727093724469     
  0.55372313843078458      -0.24711382439714644     
  0.55422288855572210      -0.24705987835667342     
  0.55472263868065963      -0.24700543281582565     
  0.55522238880559716      -0.24695048777460313     
  0.55572213893053468      -0.24689504323300587     
  0.55622188905547221      -0.24683909919103386     
  0.55672163918040973      -0.24678265564868709     
  0.55722138930534726      -0.24672571260596557     
  0.55772113943028478      -0.24666827006286929     
  0.55822088955522242      -0.24661032801939828     
  0.55872063968015995      -0.24655188647555251     
  0.55922038980509747      -0.24649294543133199     
  0.55972013993003500      -0.24643350488673671     
  0.56021989005497252      -0.24637356484176670     
  0.56071964017991005      -0.24631312529642194     
  0.56121939030484758      -0.24625218625070242     
  0.56171914042978510      -0.24619074770460814     
  0.56221889055472263      -0.24612880965813913     
  0.56271864067966015      -0.24606637211129537     
  0.56321839080459768      -0.24600343506407685     
  0.56371814092953521      -0.24593999851648357     
  0.56421789105447273      -0.24587606246851554     
  0.56471764117941026      -0.24581162692017278     
  0.56521739130434778      -0.24574669187145526     
  0.56571714142928531      -0.24568125732236298     
  0.56621689155422283      -0.24561532327289595     
  0.56671664167916036      -0.24554888972305419     
  0.56721639180409789      -0.24548195667283768     
  0.56771614192903541      -0.24541452412224640     
  0.56821589205397305      -0.24534659207128037     
  0.56871564217891057      -0.24527816051993961     
  0.56921539230384810      -0.24520922946822410     
  0.56971514242878563      -0.24513979891613383     
  0.57021489255372315      -0.24506986886366880     
  0.57071464267866068      -0.24499943931082901     
  0.57121439280359820      -0.24492851025761450     
  0.57171414292853573      -0.24485708170402523     
  0.57221389305347325      -0.24478515365006120     
  0.57271364317841078      -0.24471272609572242     
  0.57321339330334831      -0.24463979904100891     
  0.57371314342828583      -0.24456637248592064     
  0.57421289355322336      -0.24449244643045762     
  0.57471264367816088      -0.24441802087461983     
  0.57521239380309841      -0.24434309581840732     
  0.57571214392803594      -0.24426767126182006     
  0.57621189405297346      -0.24419174720485803     
  0.57671164417791099      -0.24411532364752125     
  0.57721139430284851      -0.24403840058980972     
  0.57771114442778604      -0.24396097803172345     
  0.57821089455272356      -0.24388305597326243     
  0.57871064467766120      -0.24380463441442665     
  0.57921039480259873      -0.24372571335521612     
  0.57971014492753625      -0.24364629279563085     
  0.58020989505247378      -0.24356637273567083     
  0.58070964517741130      -0.24348595317533606     
  0.58120939530234883      -0.24340503411462652     
  0.58170914542728636      -0.24332361555354226     
  0.58220889555222388      -0.24324169749208324     
  0.58270864567716141      -0.24315927993024947     
  0.58320839580209893      -0.24307636286804093     
  0.58370814592703646      -0.24299294630545765     
  0.58420789605197398      -0.24290903024249963     
  0.58470764617691151      -0.24282461467916686     
  0.58520739630184904      -0.24273969961545933     
  0.58570714642678656      -0.24265428505137704     
  0.58620689655172409      -0.24256837098692002     
  0.58670664667666161      -0.24248195742208825     
  0.58720639680159914      -0.24239504435688172     
  0.58770614692653667      -0.24230763179130044     
  0.58820589705147419      -0.24221971972534442     
  0.58870564717641183      -0.24213130815901365     
  0.58920539730134935      -0.24204239709230813     
  0.58970514742628688      -0.24195298652522784     
  0.59020489755122441      -0.24186307645777280     
  0.59070464767616193      -0.24177266688994303     
  0.59120439780109946      -0.24168175782173851     
  0.59170414792603698      -0.24159034925315923     
  0.59220389805097451      -0.24149844118420519     
  0.59270364817591203      -0.24140603361487642     
  0.59320339830084956      -0.24131312654517290     
  0.59370314842578709      -0.24121971997509462     
  0.59420289855072461      -0.24112581390464158     
  0.59470264867566214      -0.24103140833381378     
  0.59520239880059966      -0.24093650326261126     
  0.59570214892553719      -0.24084109869103398     
  0.59620189905047472      -0.24074519461908195     
  0.59670164917541224      -0.24064879104675516     
  0.59720139930034977      -0.24055188797405364     
  0.59770114942528729      -0.24045448540097736     
  0.59820089955022482      -0.24035658332752632     
  0.59870064967516234      -0.24025818175370053     
  0.59920039980009998      -0.24015928067950001     
  0.59970014992503751      -0.24005988010492474     
  0.60019990004997503      -0.23995998002997471     
  0.60069965017491256      -0.23985958045464992     
  0.60119940029985008      -0.23975868137895037     
  0.60169915042478761      -0.23965728280287610     
  0.60219890054972514      -0.23955538472642707     
  0.60269865067466266      -0.23945298714960328     
  0.60319840079960019      -0.23935009007240474     
  0.60369815092453771      -0.23924669349483146     
  0.60419790104947524      -0.23914279741688343     
  0.60469765117441276      -0.23903840183856065     
  0.60519740129935029      -0.23893350675986311     
  0.60569715142428782      -0.23882811218079084     
  0.60619690154922534      -0.23872221810134381     
  0.60669665167416287      -0.23861582452152202     
  0.60719640179910039      -0.23850893144132548     
  0.60769615192403792      -0.23840153886075419     
  0.60819590204897545      -0.23829364677980816     
  0.60869565217391297      -0.23818525519848738     
  0.60919540229885061      -0.23807636411679184     
  0.60969515242378813      -0.23796697353472154     
  0.61019490254872566      -0.23785708345227652     
  0.61069465267366319      -0.23774669386945674     
  0.61119440279860071      -0.23763580478626220     
  0.61169415292353824      -0.23752441620269291     
  0.61219390304847576      -0.23741252811874888     
  0.61269365317341329      -0.23730014053443010     
  0.61319340329835081      -0.23718725344973657     
  0.61369315342328834      -0.23707386686466828     
  0.61419290354822587      -0.23695998077922523     
  0.61469265367316339      -0.23684559519340745     
  0.61519240379810092      -0.23673071010721491     
  0.61569215392303844      -0.23661532552064762     
  0.61619190404797597      -0.23649944143370558     
  0.61669165417291349      -0.23638305784638880     
  0.61719140429785102      -0.23626617475869727     
  0.61769115442278855      -0.23614879217063098     
  0.61819090454772607      -0.23603091008218993     
  0.61869065467266360      -0.23591252849337416     
  0.61919040479760112      -0.23579364740418363     
  0.61969015492253876      -0.23567426681461834     
  0.62018990504747629      -0.23555438672467829     
  0.62068965517241381      -0.23543400713436349     
  0.62118940529735134      -0.23531312804367396     
  0.62168915542228886      -0.23519174945260968     
  0.62218890554722639      -0.23506987136117063     
  0.62268865567216392      -0.23494749376935684     
  0.62318840579710144      -0.23482461667716831     
  0.62368815592203897      -0.23470124008460502     
  0.62418790604697649      -0.23457736399166698     
  0.62468765617191402      -0.23445298839835418     
  0.62518740629685154      -0.23432811330466666     
  0.62568715642178907      -0.23420273871060437     
  0.62618690654672660      -0.23407686461616733     
  0.62668665667166412      -0.23395049102135554     
  0.62718640679660165      -0.23382361792616899     
  0.62768615692153917      -0.23369624533060770     
  0.62818590704647670      -0.23356837323467167     
  0.62868565717141422      -0.23344000163836087     
  0.62918540729635175      -0.23331113054167532     
  0.62968515742128939      -0.23318175994461504     
  0.63018490754622691      -0.23305188984718000     
  0.63068465767116444      -0.23292152024937021     
  0.63118440779610197      -0.23279065115118566     
  0.63168415792103949      -0.23265928255262638     
  0.63218390804597702      -0.23252741445369235     
  0.63268365817091454      -0.23239504685438356     
  0.63318340829585207      -0.23226217975470001     
  0.63368315842078959      -0.23212881315464171     
  0.63418290854572712      -0.23199494705420867     
  0.63468265867066465      -0.23186058145340088     
  0.63518240879560217      -0.23172571635221834     
  0.63568215892053970      -0.23159035175066103     
  0.63618190904547722      -0.23145448764872900     
  0.63668165917041475      -0.23131812404642221     
  0.63718140929535227      -0.23118126094374067     
  0.63768115942028980      -0.23104389834068437     
  0.63818090954522733      -0.23090603623725334     
  0.63868065967016485      -0.23076767463344755     
  0.63918040979510238      -0.23062881352926701     
  0.63968015992003990      -0.23048945292471171     
  0.64017991004497754      -0.23034959281978165     
  0.64067966016991507      -0.23020923321447687     
  0.64117941029485259      -0.23006837410879732     
  0.64167916041979012      -0.22992701550274303     
  0.64217891054472764      -0.22978515739631397     
  0.64267866066966517      -0.22964279978951019     
  0.64317841079460270      -0.22949994268233165     
  0.64367816091954022      -0.22935658607477835     
  0.64417791104447775      -0.22921272996685030     
  0.64467766116941527      -0.22906837435854752     
  0.64517741129435280      -0.22892351924986998     
  0.64567716141929032      -0.22877816464081768     
  0.64617691154422785      -0.22863231053139063     
  0.64667666166916538      -0.22848595692158882     
  0.64717641179410290      -0.22833910381141229     
  0.64767616191904043      -0.22819175120086099     
  0.64817591204397795      -0.22804389908993494     
  0.64867566216891548      -0.22789554747863414     
  0.64917541229385300      -0.22774669636695860     
  0.64967516241879053      -0.22759734575490831     
  0.65017491254372817      -0.22744749564248326     
  0.65067466266866569      -0.22729714602968346     
  0.65117441279360322      -0.22714629691650889     
  0.65167416291854074      -0.22699494830295960     
  0.65217391304347827      -0.22684310018903556     
  0.65267366316841580      -0.22669075257473675     
  0.65317341329335332      -0.22653790546006319     
  0.65367316341829085      -0.22638455884501490     
  0.65417291354322837      -0.22623071272959186     
  0.65467266366816590      -0.22607636711379406     
  0.65517241379310343      -0.22592152199762150     
  0.65567216391804095      -0.22576617738107421     
  0.65617191404297848      -0.22561033326415217     
  0.65667166416791600      -0.22545398964685537     
  0.65717141429285353      -0.22529714652918381     
  0.65767116441779105      -0.22513980391113750     
  0.65817091454272858      -0.22498196179271646     
  0.65867066466766611      -0.22482362017392066     
  0.65917041479260363      -0.22466477905475010     
  0.65967016491754116      -0.22450543843520479     
  0.66016991504247879      -0.22434559831528475     
  0.66066966516741632      -0.22418525869498995     
  0.66116941529235385      -0.22402441957432040     
  0.66166916541729137      -0.22386308095327609     
  0.66216891554222890      -0.22370124283185705     
  0.66266866566716642      -0.22353890521006325     
  0.66316841579210395      -0.22337606808789470     
  0.66366816591704147      -0.22321273146535139     
  0.66416791604197900      -0.22304889534243333     
  0.66466766616691653      -0.22288455971914053     
  0.66516741629185405      -0.22271972459547298     
  0.66566716641679158      -0.22255438997143068     
  0.66616691654172910      -0.22238855584701361     
  0.66666666666666663      -0.22222222222222182     
  0.66716641679160416      -0.22205538909705527     
  0.66766616691654168      -0.22188805647151397     
  0.66816591704147921      -0.22172022434559790     
  0.66866566716641673      -0.22155189271930711     
  0.66916541729135426      -0.22138306159264157     
  0.66966516741629178      -0.22121373096560126     
  0.67016491754122931      -0.22104390083818620     
  0.67066466766616695      -0.22087357121039639     
  0.67116441779110447      -0.22070274208223184     
  0.67166416791604200      -0.22053141345369254     
  0.67216391804097952      -0.22035958532477848     
  0.67266366816591705      -0.22018725769548966     
  0.67316341829085458      -0.22001443056582612     
  0.67366316841579210      -0.21984110393578782     
  0.67416291854072963      -0.21966727780537476     
  0.67466266866566715      -0.21949295217458695     
  0.67516241879060468      -0.21931812704342440     
  0.67566216891554221      -0.21914280241188711     
  0.67616191904047973      -0.21896697827997505     
  0.67666166916541726      -0.21879065464768824     
  0.67716141929035478      -0.21861383151502667     
  0.67766116941529231      -0.21843650888199037     
  0.67816091954022983      -0.21825868674857932     
  0.67866066966516736      -0.21808036511479351     
  0.67916041979010489      -0.21790154398063294     
  0.67966016991504241      -0.21772222334609764     
  0.68015992003997994      -0.21754240321118759     
  0.68065967016491757      -0.21736208357590278     
  0.68115942028985510      -0.21718126444024322     
  0.68165917041479263      -0.21699994580420892     
  0.68215892053973015      -0.21681812766779987     
  0.68265867066466768      -0.21663581003101606     
  0.68315842078960520      -0.21645299289385750     
  0.68365817091454273      -0.21626967625632418     
  0.68415792103948025      -0.21608586011841613     
  0.68465767116441778      -0.21590154448013332     
  0.68515742128935531      -0.21571672934147576     
  0.68565717141429283      -0.21553141470244344     
  0.68615692153923036      -0.21534560056303639     
  0.68665667166416788      -0.21515928692325459     
  0.68715642178910541      -0.21497247378309803     
  0.68765617191404294      -0.21478516114256671     
  0.68815592203898046      -0.21459734900166066     
  0.68865567216391799      -0.21440903736037986     
  0.68915542228885551      -0.21422022621872430     
  0.68965517241379304      -0.21403091557669399     
  0.69015492253873056      -0.21384110543428891     
  0.69065467266366809      -0.21365079579150911     
  0.69115442278860573      -0.21345998664835455     
  0.69165417291354325      -0.21326867800482524     
  0.69215392303848078      -0.21307686986092117     
  0.69265367316341830      -0.21288456221664237     
  0.69315342328835583      -0.21269175507198881     
  0.69365317341329336      -0.21249844842696050     
  0.69415292353823088      -0.21230464228155743     
  0.69465267366316841      -0.21211033663577963     
  0.69515242378810593      -0.21191553148962708     
  0.69565217391304346      -0.21172022684309977     
  0.69615192403798098      -0.21152442269619770     
  0.69665167416291851      -0.21132811904892088     
  0.69715142428785604      -0.21113131590126932     
  0.69765117441279356      -0.21093401325324301     
  0.69815092453773109      -0.21073621110484195     
  0.69865067466266861      -0.21053790945606612     
  0.69915042478760614      -0.21033910830691557     
  0.69965017491254367      -0.21013980765739027     
  0.70014992503748119      -0.20994000750749020     
  0.70064967516241872      -0.20973970785721538     
  0.70114942528735635      -0.20953890870656583     
  0.70164917541229388      -0.20933761005554152     
  0.70214892553723141      -0.20913581190414246     
  0.70264867566216893      -0.20893351425236864     
  0.70314842578710646      -0.20873071710022006     
  0.70364817591204398      -0.20852742044769676     
  0.70414792603698151      -0.20832362429479870     
  0.70464767616191903      -0.20811932864152588     
  0.70514742628685656      -0.20791453348787831     
  0.70564717641179409      -0.20770923883385600     
  0.70614692653673161      -0.20750344467945894     
  0.70664667666166914      -0.20729715102468713     
  0.70714642678660666      -0.20709035786954055     
  0.70764617691154419      -0.20688306521401925     
  0.70814592703648171      -0.20667527305812319     
  0.70864567716141924      -0.20646698140185238     
  0.70914542728635677      -0.20625819024520681     
  0.70964517741129429      -0.20604889958818648     
  0.71014492753623182      -0.20583910943079142     
  0.71064467766116934      -0.20562881977302161     
  0.71114442778610687      -0.20541803061487704     
  0.71164417791104451      -0.20520674195635771     
  0.71214392803598203      -0.20499495379746366     
  0.71264367816091956      -0.20478266613819485     
  0.71314342828585708      -0.20456987897855128     
  0.71364317841079461      -0.20435659231853295     
  0.71414292853573214      -0.20414280615813990     
  0.71464267866066966      -0.20392852049737209     
  0.71514242878560719      -0.20371373533622952     
  0.71564217891054471      -0.20349845067471220     
  0.71614192903548224      -0.20328266651282012     
  0.71664167916041976      -0.20306638285055331     
  0.71714142928535729      -0.20284959968791175     
  0.71764117941029482      -0.20263231702489543     
  0.71814092953523234      -0.20241453486150435     
  0.71864067966016987      -0.20219625319773854     
  0.71914042978510739      -0.20197747203359798     
  0.71964017991004492      -0.20175819136908266     
  0.72013993003498245      -0.20153841120419258     
  0.72063968015991997      -0.20131813153892777     
  0.72113943028485750      -0.20109735237328821     
  0.72163918040979513      -0.20087607370727389     
  0.72213893053473266      -0.20065429554088482     
  0.72263868065967019      -0.20043201787412099     
  0.72313843078460771      -0.20020924070698243     
  0.72363818090954524      -0.19998596403946911     
  0.72413793103448276      -0.19976218787158104     
  0.72463768115942029      -0.19953791220331821     
  0.72513743128435781      -0.19931313703468065     
  0.72563718140929534      -0.19908786236566833     
  0.72613693153423287      -0.19886208819628126     
  0.72663668165917039      -0.19863581452651943     
  0.72713643178410792      -0.19840904135638288     
  0.72763618190904544      -0.19818176868587156     
  0.72813593203398297      -0.19795399651498549     
  0.72863568215892049      -0.19772572484372467     
  0.72913543228385802      -0.19749695367208908     
  0.72963518240879555      -0.19726768300007877     
  0.73013493253373307      -0.19703791282769370     
  0.73063468265867060      -0.19680764315493388     
  0.73113443278360812      -0.19657687398179929     
  0.73163418290854565      -0.19634560530828998     
  0.73213393303348329      -0.19611383713440592     
  0.73263368315842081      -0.19588156946014709     
  0.73313343328335834      -0.19564880228551351     
  0.73363318340829586      -0.19541553561050520     
  0.73413293353323339      -0.19518176943512214     
  0.73463268365817092      -0.19494750375936432     
  0.73513243378310844      -0.19471273858323174     
  0.73563218390804597      -0.19447747390672440     
  0.73613193403298349      -0.19424170972984234     
  0.73663168415792102      -0.19400544605258552     
  0.73713143428285854      -0.19376868287495394     
  0.73763118440779607      -0.19353142019694761     
  0.73813093453273360      -0.19329365801856654     
  0.73863068465767112      -0.19305539633981073     
  0.73913043478260865      -0.19281663516068015     
  0.73963018490754617      -0.19257737448117482     
  0.74012993503248370      -0.19233761430129476     
  0.74062968515742122      -0.19209735462103994     
  0.74112943528235875      -0.19185659544041037     
  0.74162918540729628      -0.19161533675940604     
  0.74212893553223391      -0.19137357857802695     
  0.74262868565717144      -0.19113132089627313     
  0.74312843578210896      -0.19088856371414456     
  0.74362818590704649      -0.19064530703164123     
  0.74412793603198402      -0.19040155084876315     
  0.74462768615692154      -0.19015729516551033     
  0.74512743628185907      -0.18991253998188276     
  0.74562718640679659      -0.18966728529788043     
  0.74612693653173412      -0.18942153111350335     
  0.74662668665667165      -0.18917527742875154     
  0.74712643678160917      -0.18892852424362497     
  0.74762618690654670      -0.18868127155812364     
  0.74812593703148422      -0.18843351937224756     
  0.74862568715642175      -0.18818526768599672     
  0.74912543728135927      -0.18793651649937115     
  0.74962518740629680      -0.18768726581237083     
  0.75012493753123433      -0.18743751562499575     
  0.75062468765617185      -0.18718726593724591     
  0.75112443778110938      -0.18693651674912135     
  0.75162418790604690      -0.18668526806062202     
  0.75212393803098443      -0.18643351987174794     
  0.75262368815592207      -0.18618127218249911     
  0.75312343828085959      -0.18592852499287552     
  0.75362318840579712      -0.18567527830287719     
  0.75412293853073464      -0.18542153211250412     
  0.75462268865567217      -0.18516728642175628     
  0.75512243878060969      -0.18491254123063369     
  0.75562218890554722      -0.18465729653913637     
  0.75612193903048475      -0.18440155234726430     
  0.75662168915542227      -0.18414530865501746     
  0.75712143928035980      -0.18388856546239588     
  0.75762118940529732      -0.18363132276939956     
  0.75812093953023485      -0.18337358057602848     
  0.75862068965517238      -0.18311533888228265     
  0.75912043978010990      -0.18285659768816206     
  0.75962018990504743      -0.18259735699366675     
  0.76011994002998495      -0.18233761679879668     
  0.76061969015492248      -0.18207737710355185     
  0.76111944027986000      -0.18181663790793226     
  0.76161919040479753      -0.18155539921193792     
  0.76211894052973506      -0.18129366101556885     
  0.76261869065467269      -0.18103142331882502     
  0.76311844077961022      -0.18076868612170643     
  0.76361819090454774      -0.18050544942421309     
  0.76411794102948527      -0.18024171322634502     
  0.76461769115442280      -0.17997747752810220     
  0.76511744127936032      -0.17971274232948461     
  0.76561719140429785      -0.17944750763049228     
  0.76611694152923537      -0.17918177343112518     
  0.76661669165417290      -0.17891553973138336     
  0.76711644177911043      -0.17864880653126677     
  0.76761619190404795      -0.17838157383077544     
  0.76811594202898548      -0.17811384162990934     
  0.76861569215392300      -0.17784560992866852     
  0.76911544227886053      -0.17757687872705294     
  0.76961519240379805      -0.17730764802506260     
  0.77011494252873558      -0.17703791782269751     
  0.77061469265367311      -0.17676768811995769     
  0.77111444277861063      -0.17649695891684311     
  0.77161419290354816      -0.17622573021335378     
  0.77211394302848568      -0.17595400200948969     
  0.77261369315342321      -0.17568177430525084     
  0.77311344327836085      -0.17540904710063726     
  0.77361319340329837      -0.17513582039564893     
  0.77411294352823590      -0.17486209419028584     
  0.77461269365317342      -0.17458786848454799     
  0.77511244377811095      -0.17431314327843542     
  0.77561219390304847      -0.17403791857194809     
  0.77611194402798600      -0.17376219436508600     
  0.77661169415292353      -0.17348597065784915     
  0.77711144427786105      -0.17320924745023758     
  0.77761119440279858      -0.17293202474225125     
  0.77811094452773610      -0.17265430253389016     
  0.77861069465267363      -0.17237608082515432     
  0.77911044477761116      -0.17209735961604372     
  0.77961019490254868      -0.17181813890655839     
  0.78010994502748621      -0.17153841869669831     
  0.78060969515242373      -0.17125819898646347     
  0.78110944527736126      -0.17097747977585387     
  0.78160919540229878      -0.17069626106486954     
  0.78210894552723631      -0.17041454285351046     
  0.78260869565217384      -0.17013232514177662     
  0.78310844577711147      -0.16984960792966802     
  0.78360819590204900      -0.16956639121718470     
  0.78410794602698652      -0.16928267500432662     
  0.78460769615192405      -0.16899845929109378     
  0.78510744627686158      -0.16871374407748618     
  0.78560719640179910      -0.16842852936350383     
  0.78610694652673663      -0.16814281514914675     
  0.78660669665167415      -0.16785660143441491     
  0.78710644677661168      -0.16756988821930832     
  0.78760619690154920      -0.16728267550382697     
  0.78810594702648673      -0.16699496328797089     
  0.78860569715142426      -0.16670675157174006     
  0.78910544727636178      -0.16641804035513447     
  0.78960519740129931      -0.16612882963815412     
  0.79010494752623683      -0.16583911942079904     
  0.79060469765117436      -0.16554890970306921     
  0.79110444777611189      -0.16525820048496462     
  0.79160419790104941      -0.16496699176648527     
  0.79210394802598694      -0.16467528354763117     
  0.79260369815092446      -0.16438307582840234     
  0.79310344827586199      -0.16409036860879875     
  0.79360319840079963      -0.16379716188882040     
  0.79410294852573715      -0.16350345566846730     
  0.79460269865067468      -0.16320924994773947     
  0.79510244877561220      -0.16291454472663688     
  0.79560219890054973      -0.16261934000515954     
  0.79610194902548725      -0.16232363578330744     
  0.79660169915042478      -0.16202743206108061     
  0.79710144927536231      -0.16173072883847903     
  0.79760119940029983      -0.16143352611550268     
  0.79810094952523736      -0.16113582389215159     
  0.79860069965017488      -0.16083762216842573     
  0.79910044977511241      -0.16053892094432515     
  0.79960019990004993      -0.16023972021984981     
  0.80009995002498746      -0.15994001999499971     
  0.80059970014992499      -0.15963982026977486     
  0.80109945027486251      -0.15933912104417527     
  0.80159920039980004      -0.15903792231820094     
  0.80209895052473756      -0.15873622409185184     
  0.80259870064967509      -0.15843402636512799     
  0.80309845077461262      -0.15813132913802941     
  0.80359820089955025      -0.15782813241055607     
  0.80409795102448778      -0.15752443618270798     
  0.80459770114942530      -0.15722024045448513     
  0.80509745127436283      -0.15691554522588752     
  0.80559720139930036      -0.15661035049691518     
  0.80609695152423788      -0.15630465626756809     
  0.80659670164917541      -0.15599846253784624     
  0.80709645177411293      -0.15569176930774964     
  0.80759620189905046      -0.15538457657727830     
  0.80809595202398798      -0.15507688434643221     
  0.80859570214892551      -0.15476869261521137     
  0.80909545227386304      -0.15446000138361576     
  0.80959520239880056      -0.15415081065164543     
  0.81009495252373809      -0.15384112041930034     
  0.81059470264867561      -0.15353093068658050     
  0.81109445277361314      -0.15322024145348589     
  0.81159420289855067      -0.15290905272001654     
  0.81209395302348819      -0.15259736448617245     
  0.81259370314842572      -0.15228517675195360     
  0.81309345327336324      -0.15197248951736000     
  0.81359320339830077      -0.15165930278239165     
  0.81409295352323841      -0.15134561654704856     
  0.81459270364817593      -0.15103143081133072     
  0.81509245377311346      -0.15071674557523812     
  0.81559220389805098      -0.15040156083877076     
  0.81609195402298851      -0.15008587660192868     
  0.81659170414792603      -0.14976969286471184     
  0.81709145427286356      -0.14945300962712024     
  0.81759120439780109      -0.14913582688915389     
  0.81809095452273861      -0.14881814465081278     
  0.81859070464767614      -0.14849996291209694     
  0.81909045477261366      -0.14818128167300634     
  0.81959020489755119      -0.14786210093354099     
  0.82008995502248871      -0.14754242069370088     
  0.82058970514742624      -0.14722224095348604     
  0.82108945527236377      -0.14690156171289645     
  0.82158920539730129      -0.14658038297193210     
  0.82208895552223882      -0.14625870473059299     
  0.82258870564717634      -0.14593652698887916     
  0.82308845577211387      -0.14561384974679056     
  0.82358820589705140      -0.14529067300432721     
  0.82408795602198903      -0.14496699676148911     
  0.82458770614692656      -0.14464282101827625     
  0.82508745627186408      -0.14431814577468866     
  0.82558720639680161      -0.14399297103072631     
  0.82608695652173914      -0.14366729678638920     
  0.82658670664667666      -0.14334112304167734     
  0.82708645677161419      -0.14301444979659075     
  0.82758620689655171      -0.14268727705112941     
  0.82808595702148924      -0.14235960480529330     
  0.82858570714642676      -0.14203143305908245     
  0.82908545727136429      -0.14170276181249686     
  0.82958520739630182      -0.14137359106553651     
  0.83008495752123934      -0.14104392081820141     
  0.83058470764617687      -0.14071375107049156     
  0.83108445777111439      -0.14038308182240694     
  0.83158420789605192      -0.14005191307394760     
  0.83208395802098944      -0.13972024482511350     
  0.83258370814592697      -0.13938807707590464     
  0.83308345827086450      -0.13905540982632103     
  0.83358320839580202      -0.13872224307636269     
  0.83408295852073955      -0.13838857682602959     
  0.83458270864567718      -0.13805441107532174     
  0.83508245877061471      -0.13771974582423913     
  0.83558220889555224      -0.13738458107278176     
  0.83608195902048976      -0.13704891682094966     
  0.83658170914542729      -0.13671275306874281     
  0.83708145927036481      -0.13637608981616120     
  0.83758120939530234      -0.13603892706320483     
  0.83808095952023987      -0.13570126480987374     
  0.83858070964517739      -0.13536310305616789     
  0.83908045977011492      -0.13502444180208728     
  0.83958020989505244      -0.13468528104763192     
  0.84007996001998997      -0.13434562079280182     
  0.84057971014492749      -0.13400546103759697     
  0.84107946026986502      -0.13366480178201737     
  0.84157921039480255      -0.13332364302606300     
  0.84207896051974007      -0.13298198476973389     
  0.84257871064467760      -0.13263982701303004     
  0.84307846076961512      -0.13229716975595143     
  0.84357821089455265      -0.13195401299849807     
  0.84407796101949017      -0.13161035674066995     
  0.84457771114442781      -0.13126620098246711     
  0.84507746126936534      -0.13092154572388950     
  0.84557721139430286      -0.13057639096493714     
  0.84607696151924039      -0.13023073670561003     
  0.84657671164417791      -0.12988458294590818     
  0.84707646176911544      -0.12953792968583158     
  0.84757621189405297      -0.12919077692538022     
  0.84807596201899049      -0.12884312466455411     
  0.84857571214392802      -0.12849497290335324     
  0.84907546226886554      -0.12814632164177764     
  0.84957521239380307      -0.12779717087982728     
  0.85007496251874060      -0.12744752061750217     
  0.85057471264367812      -0.12709737085480230     
  0.85107446276861565      -0.12674672159172770     
  0.85157421289355317      -0.12639557282827835     
  0.85207396301849070      -0.12604392456445423     
  0.85257371314342822      -0.12569177680025537     
  0.85307346326836575      -0.12533912953568177     
  0.85357321339330328      -0.12498598277073342     
  0.85407296351824080      -0.12463233650541031     
  0.85457271364317833      -0.12427819073971244     
  0.85507246376811596      -0.12392354547363983     
  0.85557221389305349      -0.12356840070719247     
  0.85607196401799102      -0.12321275644037036     
  0.85657171414292854      -0.12285661267317349     
  0.85707146426786607      -0.12249996940560189     
  0.85757121439280359      -0.12214282663765552     
  0.85807096451774112      -0.12178518436933441     
  0.85857071464267865      -0.12142704260063855     
  0.85907046476761617      -0.12106840133156795     
  0.85957021489255370      -0.12070926056212258     
  0.86006996501749122      -0.12034962029230248     
  0.86056971514242875      -0.11998948052210762     
  0.86106946526736627      -0.11962884125153800     
  0.86156921539230380      -0.11926770248059364     
  0.86206896551724133      -0.11890606420927452     
  0.86256871564217885      -0.11854392643758066     
  0.86306846576711638      -0.11818128916551204     
  0.86356821589205390      -0.11781815239306868     
  0.86406796601699143      -0.11745451612025057     
  0.86456771614192895      -0.11709038034705771     
  0.86506746626686659      -0.11672574507349009     
  0.86556721639180412      -0.11636061029954774     
  0.86606696651674164      -0.11599497602523062     
  0.86656671664167917      -0.11562884225053877     
  0.86706646676661669      -0.11526220897547215     
  0.86756621689155422      -0.11489507620003078     
  0.86806596701649175      -0.11452744392421467     
  0.86856571714142927      -0.11415931214802380     
  0.86906546726636680      -0.11379068087145819     
  0.86956521739130432      -0.11342155009451782     
  0.87006496751624185      -0.11305191981720271     
  0.87056471764117938      -0.11268179003951284     
  0.87106446776611690      -0.11231116076144823     
  0.87156421789105443      -0.11194003198300886     
  0.87206396801599195      -0.11156840370419475     
  0.87256371814092948      -0.11119627592500589     
  0.87306346826586700      -0.11082364864544228     
  0.87356321839080453      -0.11045052186550391     
  0.87406296851574206      -0.11007689558519079     
  0.87456271864067958      -0.10970276980450293     
  0.87506246876561711      -0.10932814452344031     
  0.87556221889055474      -0.10895301974200294     
  0.87606196901549227      -0.10857739546019082     
  0.87656171914042980      -0.10820127167800396     
  0.87706146926536732      -0.10782464839544234     
  0.87756121939030485      -0.10744752561250598     
  0.87806096951524237      -0.10706990332919486     
  0.87856071964017990      -0.10669178154550900     
  0.87906046976511742      -0.10631316026144838     
  0.87956021989005495      -0.10593403947701301     
  0.88005997001499248      -0.10555441919220289     
  0.88055972013993000      -0.10517429940701802     
  0.88105947026486753      -0.10479368012145840     
  0.88155922038980505      -0.10441256133552403     
  0.88205897051474258      -0.10403094304921491     
  0.88255872063968011      -0.10364882526253104     
  0.88305847076461763      -0.10326620797547242     
  0.88355822088955516      -0.10288309118803905     
  0.88405797101449268      -0.10249947490023094     
  0.88455772113943021      -0.10211535911204807     
  0.88505747126436773      -0.10173074382349045     
  0.88555722138930537      -0.10134562903455809     
  0.88605697151424290      -0.10096001474525096     
  0.88655672163918042      -0.10057390095556909     
  0.88705647176411795      -0.10018728766551246     
  0.88755622188905547       -9.9800174875081096E-002
  0.88805597201399300       -9.9412562584274972E-002
  0.88855572213893053       -9.9024450793094104E-002
  0.88905547226386805       -9.8635839501538480E-002
  0.88955522238880558       -9.8246728709608114E-002
  0.89005497251374310       -9.7857118417302991E-002
  0.89055472263868063       -9.7467008624623125E-002
  0.89105447276361816       -9.7076399331568503E-002
  0.89155422288855568       -9.6685290538139124E-002
  0.89205397301349321       -9.6293682244335002E-002
  0.89255372313843073       -9.5901574450156124E-002
  0.89305347326336826       -9.5508967155602503E-002
  0.89355322338830578       -9.5115860360674126E-002
  0.89405297351324331       -9.4722254065371006E-002
  0.89455272363818084       -9.4328148269693129E-002
  0.89505247376311836       -9.3933542973640510E-002
  0.89555222388805600       -9.3538438177213135E-002
  0.89605197401299352       -9.3142833880411016E-002
  0.89655172413793105       -9.2746730083234141E-002
  0.89705147426286858       -9.2350126785682524E-002
  0.89755122438780610       -9.1953023987756149E-002
  0.89805097451274363       -9.1555421689455019E-002
  0.89855072463768115       -9.1157319890779145E-002
  0.89905047476261868       -9.0758718591728516E-002
  0.89955022488755620       -9.0359617792303143E-002
  0.90004997501249373       -8.9960017492503014E-002
  0.90054972513743126       -8.9559917692328142E-002
  0.90104947526236878       -8.9159318391778514E-002
  0.90154922538730631       -8.8758219590854143E-002
  0.90204897551224383       -8.8356621289555015E-002
  0.90254872563718136       -8.7954523487881145E-002
  0.90304847576211889       -8.7551926185832518E-002
  0.90354822588705641       -8.7148829383409149E-002
  0.90404797601199394       -8.6745233080611023E-002
  0.90454772613693146       -8.6341137277438140E-002
  0.90504747626186899       -8.5936541973890515E-002
  0.90554722638680651       -8.5531447169968133E-002
  0.90604697651174415       -8.5125852865671009E-002
  0.90654672663668168       -8.4719759060999128E-002
  0.90704647676161920       -8.4313165755952504E-002
  0.90754622688655673       -8.3906072950531124E-002
  0.90804597701149425       -8.3498480644735001E-002
  0.90854572713643178       -8.3090388838564122E-002
  0.90904547726136931       -8.2681797532018500E-002
  0.90954522738630683       -8.2272706725098121E-002
  0.91004497751124436       -8.1863116417803000E-002
  0.91054472763618188       -8.1453026610133122E-002
  0.91104447776111941       -8.1042437302088488E-002
  0.91154422788605693       -8.0631348493669111E-002
  0.91204397801099446       -8.0219760184874978E-002
  0.91254372813593199       -7.9807672375706101E-002
  0.91304347826086951       -7.9395085066162469E-002
  0.91354322838580704       -7.8981998256244093E-002
  0.91404297851074456       -7.8568411945950961E-002
  0.91454272863568209       -7.8154326135283086E-002
  0.91504247876061962       -7.7739740824240455E-002
  0.91554222888555714       -7.7324656012823081E-002
  0.91604197901049478       -7.6909071701030951E-002
  0.91654172913543230       -7.6492987888864078E-002
  0.91704147926036983       -7.6076404576322448E-002
  0.91754122938530736       -7.5659321763406062E-002
  0.91804097951024488       -7.5241739450114933E-002
  0.91854072963518241       -7.4823657636449048E-002
  0.91904047976011993       -7.4405076322408420E-002
  0.91954022988505746       -7.3985995507993035E-002
  0.92003998000999498       -7.3566415193202908E-002
  0.92053973013493251       -7.3146335378038024E-002
  0.92103948025987004       -7.2725756062498398E-002
  0.92153923038480756       -7.2304677246584015E-002
  0.92203898050974509       -7.1883098930294889E-002
  0.92253873063468261       -7.1461021113631007E-002
  0.92303848075962014       -7.1038443796592382E-002
  0.92353823088455766       -7.0615366979179001E-002
  0.92403798100949519       -7.0191790661390863E-002
  0.92453773113443272       -6.9767714843227982E-002
  0.92503748125937024       -6.9343139524690345E-002
  0.92553723138430777       -6.8918064705777965E-002
  0.92603698150924529       -6.8492490386490829E-002
  0.92653673163418293       -6.8066416566828949E-002
  0.92703648175912046       -6.7639843246792314E-002
  0.92753623188405798       -6.7212770426380936E-002
  0.92803598200899551       -6.6785198105594801E-002
  0.92853573213393303       -6.6357126284433923E-002
  0.92903548225887056       -6.5928554962898289E-002
  0.92953523238380809       -6.5499484140987912E-002
  0.93003498250874561       -6.5069913818702779E-002
  0.93053473263368314       -6.4639843996042889E-002
  0.93103448275862066       -6.4209274673008257E-002
  0.93153423288355819       -6.3778205849598868E-002
  0.93203398300849571       -6.3346637525814736E-002
  0.93253373313343324       -6.2914569701655848E-002
  0.93303348325837077       -6.2482002377122217E-002
  0.93353323338330829       -6.2048935552213830E-002
  0.93403298350824582       -6.1615369226930693E-002
  0.93453273363318334       -6.1181303401272806E-002
  0.93503248375812087       -6.0746738075240170E-002
  0.93553223388305840       -6.0311673248832784E-002
  0.93603198400799592       -5.9876108922050648E-002
  0.93653173413293356       -5.9440045094893763E-002
  0.93703148425787108       -5.9003481767362129E-002
  0.93753123438280861       -5.8566418939455744E-002
  0.93803098450774614       -5.8128856611174611E-002
  0.93853073463268366       -5.7690794782518727E-002
  0.93903048475762119       -5.7252233453488094E-002
  0.93953023488255871       -5.6813172624082704E-002
  0.94002998500749624       -5.6373612294302565E-002
  0.94052973513243376       -5.5933552464147676E-002
  0.94102948525737129       -5.5492993133618038E-002
  0.94152923538230882       -5.5051934302713650E-002
  0.94202898550724634       -5.4610375971434512E-002
  0.94252873563218387       -5.4168318139780625E-002
  0.94302848575712139       -5.3725760807751988E-002
  0.94352823588205892       -5.3282703975348601E-002
  0.94402798600699644       -5.2839147642570465E-002
  0.94452773613193397       -5.2395091809417579E-002
  0.94502748625687150       -5.1950536475889944E-002
  0.94552723638180902       -5.1505481641987559E-002
  0.94602698650674655       -5.1059927307710418E-002
  0.94652673663168407       -5.0613873473058527E-002
  0.94702648675662171       -5.0167320138031886E-002
  0.94752623688155924       -4.9720267302630496E-002
  0.94802598700649676       -4.9272714966854356E-002
  0.94852573713143429       -4.8824663130703466E-002
  0.94902548725637181       -4.8376111794177827E-002
  0.94952523738130934       -4.7927060957277438E-002
  0.95002498750624687       -4.7477510620002300E-002
  0.95052473763118439       -4.7027460782352412E-002
  0.95102448775612192       -4.6576911444327775E-002
  0.95152423788105944       -4.6125862605928387E-002
  0.95202398800599697       -4.5674314267154244E-002
  0.95252373813093449       -4.5222266428005350E-002
  0.95302348825587202       -4.4769719088481708E-002
  0.95352323838080955       -4.4316672248583315E-002
  0.95402298850574707       -4.3863125908310173E-002
  0.95452273863068460       -4.3409080067662281E-002
  0.95502248875562212       -4.2954534726639640E-002
  0.95552223888055965       -4.2499489885242249E-002
  0.95602198900549717       -4.2043945543470108E-002
  0.95652173913043470       -4.1587901701323218E-002
  0.95702148925537234       -4.1131358358801579E-002
  0.95752123938030986       -4.0674315515905189E-002
  0.95802098950524739       -4.0216773172634043E-002
  0.95852073963018491       -3.9758731328988148E-002
  0.95902048975512244       -3.9300189984967503E-002
  0.95952023988005997       -3.8841149140572108E-002
  0.96001999000499749       -3.8381608795801964E-002
  0.96051974012993502       -3.7921568950657070E-002
  0.96101949025487254       -3.7461029605137426E-002
  0.96151924037981007       -3.6999990759243033E-002
  0.96201899050474760       -3.6538452412973890E-002
  0.96251874062968512       -3.6076414566329998E-002
  0.96301849075462265       -3.5613877219311356E-002
  0.96351824087956017       -3.5150840371917964E-002
  0.96401799100449770       -3.4687304024149823E-002
  0.96451774112943522       -3.4223268176006925E-002
  0.96501749125437275       -3.3758732827489278E-002
  0.96551724137931028       -3.3293697978596881E-002
  0.96601699150424780       -3.2828163629329735E-002
  0.96651674162918533       -3.2362129779687838E-002
  0.96701649175412285       -3.1895596429671193E-002
  0.96751624187906049       -3.1428563579279797E-002
  0.96801599200399802       -3.0961031228513652E-002
  0.96851574212893554       -3.0492999377372758E-002
  0.96901549225387307       -3.0024468025857114E-002
  0.96951524237881059       -2.9555437173966716E-002
  0.97001499250374812       -2.9085906821701570E-002
  0.97051474262868564       -2.8615876969061673E-002
  0.97101449275362317       -2.8145347616047027E-002
  0.97151424287856070       -2.7674318762657631E-002
  0.97201399300349822       -2.7202790408893486E-002
  0.97251374312843575       -2.6730762554754591E-002
  0.97301349325337327       -2.6258235200240943E-002
  0.97351324337831080       -2.5785208345352546E-002
  0.97401299350324833       -2.5311681990089398E-002
  0.97451274362818585       -2.4837656134451502E-002
  0.97501249375312338       -2.4363130778438855E-002
  0.97551224387806090       -2.3888105922051456E-002
  0.97601199400299843       -2.3412581565289307E-002
  0.97651174412793595       -2.2936557708152408E-002
  0.97701149425287348       -2.2460034350640760E-002
  0.97751124437781112       -2.1983011492754362E-002
  0.97801099450274864       -2.1505489134493214E-002
  0.97851074462768617       -2.1027467275857314E-002
  0.97901049475262369       -2.0548945916846664E-002
  0.97951024487756122       -2.0069925057461264E-002
  0.98000999500249875       -1.9590404697701114E-002
  0.98050974512743627       -1.9110384837566215E-002
  0.98100949525237380       -1.8629865477056567E-002
  0.98150924537731132       -1.8148846616172169E-002
  0.98200899550224885       -1.7667328254913017E-002
  0.98250874562718638       -1.7185310393279116E-002
  0.98300849575212390       -1.6702793031270466E-002
  0.98350824587706143       -1.6219776168887066E-002
  0.98400799600199895       -1.5736259806128916E-002
  0.98450774612693648       -1.5252243942996017E-002
  0.98500749625187400       -1.4767728579488366E-002
  0.98550724637681153       -1.4282713715605964E-002
  0.98600699650174906       -1.3797199351348812E-002
  0.98650674662668658       -1.3311185486716911E-002
  0.98700649675162411       -1.2824672121710259E-002
  0.98750624687656163       -1.2337659256328857E-002
  0.98800599700149927       -1.1850146890572705E-002
  0.98850574712643680       -1.1362135024441802E-002
  0.98900549725137432       -1.0873623657936149E-002
  0.98950524737631185       -1.0384612791055747E-002
  0.99000499750124937       -9.8951024238005947E-003
  0.99050474762618690       -9.4050925561706914E-003
  0.99100449775112442       -8.9145831881660385E-003
  0.99150424787606195       -8.4235743197866343E-003
  0.99200399800099948       -7.9320659510324805E-003
  0.99250374812593700       -7.4400580819035667E-003
  0.99300349825087453       -6.9475507123999145E-003
  0.99350324837581205       -6.4545438425215136E-003
  0.99400299850074958       -5.9610374722683587E-003
  0.99450274862568711       -5.4670316016404551E-003
  0.99500249875062463       -4.9725262306378028E-003
  0.99550224887556216       -4.4775213592604000E-003
  0.99600199900049968       -3.9820169875082450E-003
  0.99650174912543721       -3.4860131153813287E-003
  0.99700149925037473       -2.9895097428796766E-003
  0.99750124937531226       -2.4925068700032719E-003
  0.99800099950024990       -1.9950044967521159E-003
  0.99850074962518742       -1.4970026231262087E-003
  0.99900049975012495       -9.9850124912555628E-004
  0.99950024987506247       -4.9950037475015468E-004
   1.0000000000000000        0.0000000000000000     
